token,symbol,name,exch_seg,clean_symbol
10005,DSPQ50INAV-EQ,DSPQ50INAV,NSE,DSPQ50INAV
10050,ICICI1INAV-EQ,ICICI1INAV,NSE,ICICI1INAV
10099,GODREJCP-EQ,GODREJCP,NSE,GODREJCP
10127,MOM50INAV-EQ,MOM50INAV,NSE,MOM50INAV
10238,CONFIPET-EQ,CONFIPET,NSE,CONFIPET
10457,ARVSMART-EQ,ARVSMART,NSE,ARVSMART
10508,MOHEALTH-EQ,MOHEALTH,NSE,MOHEALTH
10585,MOM30IETF-EQ,MOM30IETF,NSE,MOM30IETF
10618,SADBHIN-EQ,SADBHIN,NSE,SADBHIN
10633,HDFCNIF100-EQ,HDFCNIF100,NSE,HDFCNIF100
10693,MOMENTUM-EQ,MOMENTUM,NSE,MOMENTUM
10761,SILVERADD-EQ,SILVERADD,NSE,SILVERADD
10990,RADICO-EQ,RADICO,NSE,RADICO
1100,GARFIBRES-EQ,GARFIBRES,NSE,GARFIBRES
11162,HARSHA-EQ,HARSHA,NSE,HARSHA
11165,COFFEEDAY-EQ,COFFEEDAY,NSE,COFFEEDAY
11223,UCOBANK-EQ,UCOBANK,NSE,UCOBANK
10019,EBBE32INAV-EQ,EBBE32INAV,NSE,EBBE32INAV
10110,MAM150INAV-EQ,MAM150INAV,NSE,MAM150INAV
10130,MON100INAV-EQ,MON100INAV,NSE,MON100INAV
10217,ADANIENSOL-EQ,ADANIENSOL,NSE,ADANIENSOL
10285,AYMSYNTEX-EQ,AYMSYNTEX,NSE,AYMSYNTEX
10300,RAMASTEEL-EQ,RAMASTEEL,NSE,RAMASTEEL
10321,PKTEA-EQ,PKTEA,NSE,PKTEA
1041,FINPIPE-EQ,FINPIPE,NSE,FINPIPE
10415,MUTHOOTCAP-EQ,MUTHOOTCAP,NSE,MUTHOOTCAP
1053,UFLEX-EQ,UFLEX,NSE,UFLEX
10530,SHARDAMOTR-EQ,SHARDAMOTR,NSE,SHARDAMOTR
10584,HDFC50INAV-EQ,HDFC50INAV,NSE,HDFC50INAV
10604,BHARTIARTL-EQ,BHARTIARTL,NSE,BHARTIARTL
10726,INDIAMART-EQ,INDIAMART,NSE,INDIAMART
10738,OFSS-EQ,OFSS,NSE,OFSS
10871,GRMOVER-EQ,GRMOVER,NSE,GRMOVER
10939,JUNIORBEES-EQ,JUNIORBEES,NSE,JUNIORBEES
10945,TMB-EQ,TMB,NSE,TMB
11027,INFOBEAN-EQ,INFOBEAN,NSE,INFOBEAN
11140,SUMIT-EQ,SUMIT,NSE,SUMIT
11275,TVTODAY-EQ,TVTODAY,NSE,TVTODAY
11287,UPL-EQ,UPL,NSE,UPL
11265,TVSELECT-EQ,TVSELECT,NSE,TVSELECT
1139,GICHSGFIN-EQ,GICHSGFIN,NSE,GICHSGFIN
10012,EBBE23INAV-EQ,EBBE23INAV,NSE,EBBE23INAV
10017,EBBE31INAV-EQ,EBBE31INAV,NSE,EBBE31INAV
10021,BBETF0INAV-EQ,BBETF0INAV,NSE,BBETF0INAV
10098,LICN50INAV-EQ,LICN50INAV,NSE,LICN50INAV
10117,MANXT5INAV-EQ,MANXT5INAV,NSE,MANXT5INAV
10122,MOM100INAV-EQ,MOM100INAV,NSE,MOM100INAV
10161,SETF50INAV-EQ,SETF50INAV,NSE,SETF50INAV
10188,SHYAMCENT-EQ,SHYAMCENT,NSE,SHYAMCENT
10297,PPL-EQ,PPL,NSE,PPL
104,SHAREINDIA-EQ,SHAREINDIA,NSE,SHAREINDIA
10350,CSLFINANCE-EQ,CSLFINANCE,NSE,CSLFINANCE
10485,RAMRAT-EQ,RAMRAT,NSE,RAMRAT
10576,NIFTYBEES-EQ,NIFTYBEES,NSE,NIFTYBEES
10700,SURANAT&P-EQ,SURANAT&P,NSE,SURANAT&P
10925,GODREJIND-EQ,GODREJIND,NSE,GODREJIND
10932,RADAAN-EQ,RADAAN,NSE,RADAAN
10940,DIVISLAB-EQ,DIVISLAB,NSE,DIVISLAB
10948,STCINDIA-EQ,STCINDIA,NSE,STCINDIA
11184,IDFCFIRSTB-EQ,IDFCFIRSTB,NSE,IDFCFIRSTB
11239,NSIL-EQ,NSIL,NSE,NSIL
11241,HDFCGROWTH-EQ,HDFCGROWTH,NSE,HDFCGROWTH
11394,ZOTA-EQ,ZOTA,NSE,ZOTA
10016,EBBE30INAV-EQ,EBBE30INAV,NSE,EBBE30INAV
1008,FACT-EQ,FACT,NSE,FACT
10128,MONQ50INAV-EQ,MONQ50INAV,NSE,MONQ50INAV
10159,ORICONENT-EQ,ORICONENT,NSE,ORICONENT
1030,AARON-EQ,AARON,NSE,AARON
10397,JISLJALEQS-EQ,JISLJALEQS,NSE,JISLJALEQS
10406,STEELCITY-EQ,STEELCITY,NSE,STEELCITY
10512,CONS-EQ,CONS,NSE,CONS
10579,MARKSANS-EQ,MARKSANS,NSE,MARKSANS
10634,ASAL-EQ,ASAL,NSE,ASAL
10661,PONNIERODE-EQ,PONNIERODE,NSE,PONNIERODE
10753,UNIONBANK-EQ,UNIONBANK,NSE,UNIONBANK
10791,NUCLEUS-EQ,NUCLEUS,NSE,NUCLEUS
10859,DREAMFOLKS-EQ,DREAMFOLKS,NSE,DREAMFOLKS
1110,DANGEE-EQ,DANGEE,NSE,DANGEE
11195,INDIGO-EQ,INDIGO,NSE,INDIGO
11255,HDFCQUAL-EQ,HDFCQUAL,NSE,HDFCQUAL
11260,HDFCVALUE-EQ,HDFCVALUE,NSE,HDFCVALUE
11262,IGL-EQ,IGL,NSE,IGL
11309,BALAXI-EQ,BALAXI,NSE,BALAXI
11325,MUKANDLTD-EQ,MUKANDLTD,NSE,MUKANDLTD
11364,VAIBHAVGBL-EQ,VAIBHAVGBL,NSE,VAIBHAVGBL
11445,PILANIINVS-EQ,PILANIINVS,NSE,PILANIINVS
11343,AFFLE-EQ,AFFLE,NSE,AFFLE
11319,LICNETFN50-EQ,LICNETFN50,NSE,LICNETFN50
11457,NV20-EQ,NV20,NSE,NV20
1145,GIPCL-EQ,GIPCL,NSE,GIPCL
11452,CCL-EQ,CCL,NSE,CCL
11582,TRACXN-EQ,TRACXN,NSE,TRACXN
11647,KOTARISUG-EQ,KOTARISUG,NSE,KOTARISUG
11864,PRIMESECU-EQ,PRIMESECU,NSE,PRIMESECU
11915,YESBANK-EQ,YESBANK,NSE,YESBANK
11956,MEDANTA-EQ,MEDANTA,NSE,MEDANTA
11979,HTMEDIA-EQ,HTMEDIA,NSE,HTMEDIA
12022,AURIONPRO-EQ,AURIONPRO,NSE,AURIONPRO
12034,BASML-EQ,BASML,NSE,BASML
12108,HDFCPVTBAN-EQ,HDFCPVTBAN,NSE,HDFCPVTBAN
1247,GSFC-EQ,GSFC,NSE,GSFC
12635,OSIAHYPER-EQ,OSIAHYPER,NSE,OSIAHYPER
1270,AMBUJACEM-EQ,AMBUJACEM,NSE,AMBUJACEM
12686,MBAPL-EQ,MBAPL,NSE,MBAPL
128,ROUTE-EQ,ROUTE,NSE,ROUTE
13126,REPRO-EQ,REPRO,NSE,REPRO
13211,JAGRAN-EQ,JAGRAN,NSE,JAGRAN
13276,LANDMARK-EQ,LANDMARK,NSE,LANDMARK
13367,SGL-EQ,SGL,NSE,SGL
13376,UTTAMSUGAR-EQ,UTTAMSUGAR,NSE,UTTAMSUGAR
13463,PIONEEREMB-EQ,PIONEEREMB,NSE,PIONEEREMB
13491,JKLAKSHMI-EQ,JKLAKSHMI,NSE,JKLAKSHMI
13538,TECHM-EQ,TECHM,NSE,TECHM
13598,ANTELOPUS-EQ,ANTELOPUS,NSE,ANTELOPUS
13611,IRCTC-EQ,IRCTC,NSE,IRCTC
13643,ELECON-EQ,ELECON,NSE,ELECON
13689,AERONEU-EQ,AERONEU,NSE,AERONEU
13776,GESHIP-EQ,GESHIP,NSE,GESHIP
13796,MANALIPETC-EQ,MANALIPETC,NSE,MANALIPETC
13814,KAMOPAINTS-EQ,KAMOPAINTS,NSE,KAMOPAINTS
13826,SOBHA-EQ,SOBHA,NSE,SOBHA
13950,LIQUID1-EQ,LIQUID1,NSE,LIQUID1
14014,LUMAXTECH-EQ,LUMAXTECH,NSE,LUMAXTECH
14068,SAGCEM-EQ,SAGCEM,NSE,SAGCEM
14154,UNOMINDA-EQ,UNOMINDA,NSE,UNOMINDA
14657,INSECTICID-EQ,INSECTICID,NSE,INSECTICID
14762,061NSETEST-EQ,061NSETEST,NSE,061NSETEST
14766,V2RETAIL-EQ,V2RETAIL,NSE,V2RETAIL
14782,151NSETEST-EQ,151NSETEST,NSE,151NSETEST
14784,161NSETEST-EQ,161NSETEST,NSE,161NSETEST
14786,LOWVOL-EQ,LOWVOL,NSE,LOWVOL
14937,CIEINDIA-EQ,CIEINDIA,NSE,CIEINDIA
14947,MOTILALOFS-EQ,MOTILALOFS,NSE,MOTILALOFS
14953,MAG813INAV-EQ,MAG813INAV,NSE,MAG813INAV
15044,DELTACORP-EQ,DELTACORP,NSE,DELTACORP
1507,MOGSEC-EQ,MOGSEC,NSE,MOGSEC
1508,ASTERDM-EQ,ASTERDM,NSE,ASTERDM
15061,PSUBANK-EQ,PSUBANK,NSE,PSUBANK
15129,RGL-EQ,RGL,NSE,RGL
15157,RHL-EQ,RHL,NSE,RHL
15209,PPAP-EQ,PPAP,NSE,PPAP
15219,PATINTLOG-EQ,PATINTLOG,NSE,PATINTLOG
15356,GOLDADD-EQ,GOLDADD,NSE,GOLDADD
1576,GILLETTE-EQ,GILLETTE,NSE,GILLETTE
15555,HCG-EQ,HCG,NSE,HCG
15883,HINDWAREAP-EQ,HINDWAREAP,NSE,HINDWAREAP
1593,MGEL-EQ,MGEL,NSE,MGEL
1594,INFY-EQ,INFY,NSE,INFY
1607,AURIGROW-EQ,AURIGROW,NSE,AURIGROW
1630,IONEXCHANG-EQ,IONEXCHANG,NSE,IONEXCHANG
1633,IPCALAB-EQ,IPCALAB,NSE,IPCALAB
1672,HGINFRA-EQ,HGINFRA,NSE,HGINFRA
16713,UBL-EQ,UBL,NSE,UBL
16725,RPGLIFE-EQ,RPGLIFE,NSE,RPGLIFE
16933,INDBANK-EQ,INDBANK,NSE,INDBANK
16959,ALKALI-EQ,ALKALI,NSE,ALKALI
17022,MAWANASUG-EQ,MAWANASUG,NSE,MAWANASUG
17307,AJMERA-EQ,AJMERA,NSE,AJMERA
17641,SUNTECK-EQ,SUNTECK,NSE,SUNTECK
17651,POKARNA-EQ,POKARNA,NSE,POKARNA
17685,GPTINFRA-EQ,GPTINFRA,NSE,GPTINFRA
17808,QUAL30IETF-EQ,QUAL30IETF,NSE,QUAL30IETF
17822,ICIQ30INAV-EQ,ICIQ30INAV,NSE,ICIQ30INAV
17859,REDTAPE-EQ,REDTAPE,NSE,REDTAPE
17945,COHANCE-EQ,COHANCE,NSE,COHANCE
17999,UNITEDTEA-EQ,UNITEDTEA,NSE,UNITEDTEA
1802,JYOTISTRUC-EQ,JYOTISTRUC,NSE,JYOTISTRUC
18118,THANGAMAYL-EQ,THANGAMAYL,NSE,THANGAMAYL
18139,DOLPHIN-EQ,DOLPHIN,NSE,DOLPHIN
1826,KAMATHOTEL-EQ,KAMATHOTEL,NSE,KAMATHOTEL
18250,PYRAMID-EQ,PYRAMID,NSE,PYRAMID
18252,SPAL-EQ,SPAL,NSE,SPAL
18268,AEROFLEX-EQ,AEROFLEX,NSE,AEROFLEX
18391,RBLBANK-EQ,RBLBANK,NSE,RBLBANK
1841,KCP-EQ,KCP,NSE,KCP
18457,POWERINDIA-EQ,POWERINDIA,NSE,POWERINDIA
18721,NUVAMA-EQ,NUVAMA,NSE,NUVAMA
18727,MASKINVEST-EQ,MASKINVEST,NSE,MASKINVEST
1901,CUMMINSIND-EQ,CUMMINSIND,NSE,CUMMINSIND
19061,MANAPPURAM-EQ,MANAPPURAM,NSE,MANAPPURAM
19126,KIOCL-EQ,KIOCL,NSE,KIOCL
1919,KOPRAN-EQ,KOPRAN,NSE,KOPRAN
1922,KOTAKBANK-EQ,KOTAKBANK,NSE,KOTAKBANK
19211,HMVL-EQ,HMVL,NSE,HMVL
19438,AHLEAST-EQ,AHLEAST,NSE,AHLEAST
19501,TICL-EQ,TICL,NSE,TICL
19867,AMNPLST-EQ,AMNPLST,NSE,AMNPLST
19783,MUFIN-EQ,MUFIN,NSE,MUFIN
19955,WAAREEINDO-EQ,WAAREEINDO,NSE,WAAREEINDO
20092,TASTYBITE-EQ,TASTYBITE,NSE,TASTYBITE
20261,IREDA-EQ,IREDA,NSE,IREDA
2031,M&M-EQ,M&M,NSE,M&M
20314,NRAIL-EQ,NRAIL,NSE,NRAIL
20413,IOLCP-EQ,IOLCP,NSE,IOLCP
2049,CHENNPETRO-EQ,CHENNPETRO,NSE,CHENNPETRO
20874,RBZJEWEL-EQ,RBZJEWEL,NSE,RBZJEWEL
21095,SHEKHAWATI-EQ,SHEKHAWATI,NSE,SHEKHAWATI
21154,ERIS-EQ,ERIS,NSE,ERIS
21195,GTPL-EQ,GTPL,NSE,GTPL
22415,LOVABLE-EQ,LOVABLE,NSE,LOVABLE
22440,BANKBETA-EQ,BANKBETA,NSE,BANKBETA
22524,GILT10BETA-EQ,GILT10BETA,NSE,GILT10BETA
22739,MON100-EQ,MON100,NSE,MON100
2283,MRPL-EQ,MRPL,NSE,MRPL
22824,JUNIPER-EQ,JUNIPER,NSE,JUNIPER
2307,MUNJALSHOW-EQ,MUNJALSHOW,NSE,MUNJALSHOW
23489,BHARTIHEXA-EQ,BHARTIHEXA,NSE,BHARTIHEXA
23553,AIIL-EQ,AIIL,NSE,AIIL
23804,BSLGOLDETF-EQ,BSLGOLDETF,NSE,BSLGOLDETF
23864,AWFIS-EQ,AWFIS,NSE,AWFIS
2397,SANDHAR-EQ,SANDHAR,NSE,SANDHAR
23915,LIQUIDBETF-EQ,LIQUIDBETF,NSE,LIQUIDBETF
24014,BOROSCI-EQ,BOROSCI,NSE,BOROSCI
24145,RETAIL-EQ,RETAIL,NSE,RETAIL
11403,POONAWALLA-EQ,POONAWALLA,NSE,POONAWALLA
11407,XPROINDIA-EQ,XPROINDIA,NSE,XPROINDIA
11491,APARINDS-EQ,APARINDS,NSE,APARINDS
11593,HDFCSENSEX-EQ,HDFCSENSEX,NSE,HDFCSENSEX
1164,NEWGEN-EQ,NEWGEN,NSE,NEWGEN
11699,PATELENG-EQ,PATELENG,NSE,PATELENG
11779,ACEINTEG-EQ,ACEINTEG,NSE,ACEINTEG
11821,WELCORP-EQ,WELCORP,NSE,WELCORP
11966,BIKAJI-EQ,BIKAJI,NSE,BIKAJI
11965,VIVIMEDLAB-EQ,VIVIMEDLAB,NSE,VIVIMEDLAB
11987,ICIL-EQ,ICIL,NSE,ICIL
12026,RENUKA-EQ,RENUKA,NSE,RENUKA
12092,KAYNES-EQ,KAYNES,NSE,KAYNES
1232,GRASIM-EQ,GRASIM,NSE,GRASIM
12490,VINNY-EQ,VINNY,NSE,VINNY
12842,G1NSETEST-EQ,G1NSETEST,NSE,G1NSETEST
12863,V1NSETEST-EQ,V1NSETEST,NSE,V1NSETEST
13,ABB-EQ,ABB,NSE,ABB
12978,NPBET-EQ,NPBET,NSE,NPBET
13001,DHARMAJ-EQ,DHARMAJ,NSE,DHARMAJ
13081,TRIVENI-EQ,TRIVENI,NSE,TRIVENI
13101,VIMTALABS-EQ,VIMTALABS,NSE,VIMTALABS
13143,GSEC10IETF-EQ,GSEC10IETF,NSE,GSEC10IETF
13290,BLKASHYAP-EQ,BLKASHYAP,NSE,BLKASHYAP
13300,NITCO-EQ,NITCO,NSE,NITCO
13337,GALLANTT-EQ,GALLANTT,NSE,GALLANTT
13352,MALUPAPER-EQ,MALUPAPER,NSE,MALUPAPER
13404,SUNTV-EQ,SUNTV,NSE,SUNTV
13457,KAMDHENU-EQ,KAMDHENU,NSE,KAMDHENU
13501,ALLCARGO-EQ,ALLCARGO,NSE,ALLCARGO
13510,AKASH-EQ,AKASH,NSE,AKASH
13565,RAMANEWS-EQ,RAMANEWS,NSE,RAMANEWS
13592,HGM-EQ,HGM,NSE,HGM
1363,HINDALCO-EQ,HINDALCO,NSE,HINDALCO
13620,ANANTRAJ-EQ,ANANTRAJ,NSE,ANANTRAJ
13637,JMFINANCIL-EQ,JMFINANCIL,NSE,JMFINANCIL
13693,INFOMEDIA-EQ,INFOMEDIA,NSE,INFOMEDIA
13710,FIEMIND-EQ,FIEMIND,NSE,FIEMIND
13745,GTLINFRA-EQ,GTLINFRA,NSE,GTLINFRA
13786,TORNTPOWER-EQ,TORNTPOWER,NSE,TORNTPOWER
13870,KUANTUM-EQ,KUANTUM,NSE,KUANTUM
13966,HBLENGINE-EQ,HBLENGINE,NSE,HBLENGINE
14058,SANGHVIMOV-EQ,SANGHVIMOV,NSE,SANGHVIMOV
14064,ASMS-EQ,ASMS,NSE,ASMS
14134,PITTIENG-EQ,PITTIENG,NSE,PITTIENG
14236,HDFCMID150-EQ,HDFCMID150,NSE,HDFCMID150
14385,POCL-EQ,POCL,NSE,POCL
14398,AMDIND-EQ,AMDIND,NSE,AMDIND
14423,LAOPALA-EQ,LAOPALA,NSE,LAOPALA
14485,THEMISMED-EQ,THEMISMED,NSE,THEMISMED
14677,GUJAPOLLO-EQ,GUJAPOLLO,NSE,GUJAPOLLO
14687,GOACARBON-EQ,GOACARBON,NSE,GOACARBON
14767,081NSETEST-EQ,081NSETEST,NSE,081NSETEST
1494,RBA-EQ,RBA,NSE,RBA
15017,MAANALU-EQ,MAANALU,NSE,MAANALU
15124,KOLTEPATIL-EQ,KOLTEPATIL,NSE,KOLTEPATIL
15161,HITECHCORP-EQ,HITECHCORP,NSE,HITECHCORP
15199,MANAKSIA-EQ,MANAKSIA,NSE,MANAKSIA
15214,DVL-EQ,DVL,NSE,DVL
15266,JKIL-EQ,JKIL,NSE,JKIL
15295,VIRINCHI-EQ,VIRINCHI,NSE,VIRINCHI
15332,NMDC-EQ,NMDC,NSE,NMDC
15337,RAIN-EQ,RAIN,NSE,RAIN
15343,SADHNANIQ-EQ,SADHNANIQ,NSE,SADHNANIQ
154,APCOTEXIND-EQ,APCOTEXIND,NSE,APCOTEXIND
15399,EIHAHOTELS-EQ,EIHAHOTELS,NSE,EIHAHOTELS
15409,NESCO-EQ,NESCO,NSE,NESCO
1614,FAIRCHEMOR-EQ,FAIRCHEMOR,NSE,FAIRCHEMOR
1627,LINDEINDIA-EQ,LINDEINDIA,NSE,LINDEINDIA
16249,CCAVENUE-EQ,CCAVENUE,NSE,CCAVENUE
16589,VAISHALI-EQ,VAISHALI,NSE,VAISHALI
16675,BAJAJFINSV-EQ,BAJAJFINSV,NSE,BAJAJFINSV
1675,ITI-EQ,ITI,NSE,ITI
16807,LOTUSEYE-EQ,LOTUSEYE,NSE,LOTUSEYE
16822,IKIO-EQ,IKIO,NSE,IKIO
16821,VINYLINDIA-EQ,VINYLINDIA,NSE,VINYLINDIA
16859,SINDHUTRAD-EQ,SINDHUTRAD,NSE,SINDHUTRAD
17187,CYIENTDLM-EQ,CYIENTDLM,NSE,CYIENTDLM
17197,PAKKA-EQ,PAKKA,NSE,PAKKA
17351,SALONA-EQ,SALONA,NSE,SALONA
17397,PREMEXPLN-EQ,PREMEXPLN,NSE,PREMEXPLN
17419,BANKETF-EQ,BANKETF,NSE,BANKETF
17424,GLOBUSSPR-EQ,GLOBUSSPR,NSE,GLOBUSSPR
17477,CONTROLPR-EQ,CONTROLPR,NSE,CONTROLPR
17603,MAHEPC-EQ,MAHEPC,NSE,MAHEPC
17613,SENSEXADD-EQ,SENSEXADD,NSE,SENSEXADD
17700,LTGILTBEES-EQ,LTGILTBEES,NSE,LTGILTBEES
17704,QUESS-EQ,QUESS,NSE,QUESS
1782,KANPRPLA-EQ,KANPRPLA,NSE,KANPRPLA
17752,SHILPAMED-EQ,SHILPAMED,NSE,SHILPAMED
17794,SOMICONVEY-EQ,SOMICONVEY,NSE,SOMICONVEY
17869,JSWENERGY-EQ,JSWENERGY,NSE,JSWENERGY
1797,AWHCL-EQ,AWHCL,NSE,AWHCL
17963,NESTLEIND-EQ,NESTLEIND,NSE,NESTLEIND
17971,SBICARD-EQ,SBICARD,NSE,SBICARD
18029,MBLINFRA-EQ,MBLINFRA,NSE,MBLINFRA
18086,DBL-EQ,DBL,NSE,DBL
18226,MANINFRA-EQ,MANINFRA,NSE,MANINFRA
18321,LGBBROSLTD-EQ,LGBBROSLTD,NSE,LGBBROSLTD
1835,KANORICHEM-EQ,KANORICHEM,NSE,KANORICHEM
18347,MIDCAPBETA-EQ,MIDCAPBETA,NSE,MIDCAPBETA
18353,NIM150INAV-EQ,NIM150INAV,NSE,NIM150INAV
18359,SANDUMA-EQ,SANDUMA,NSE,SANDUMA
18479,ISFT-EQ,ISFT,NSE,ISFT
18520,CUPID-EQ,CUPID,NSE,CUPID
18543,DIACABS-EQ,DIACABS,NSE,DIACABS
18743,SIGNATURE-EQ,SIGNATURE,NSE,SIGNATURE
18889,KSL-EQ,KSL,NSE,KSL
19113,UDS-EQ,UDS,NSE,UDS
19196,TI-EQ,TI,NSE,TI
19237,MONIFTY500-EQ,MONIFTY500,NSE,MONIFTY500
19299,ITDC-EQ,ITDC,NSE,ITDC
19372,SPCENET-EQ,SPCENET,NSE,SPCENET
19686,BLUEJET-EQ,BLUEJET,NSE,BLUEJET
1997,LICHSGFIN-EQ,LICHSGFIN,NSE,LICHSGFIN
19877,RADIOCITY-EQ,RADIOCITY,NSE,RADIOCITY
201,UNIDT-EQ,UNIDT,NSE,UNIDT
20134,RAMKY-EQ,RAMKY,NSE,RAMKY
20159,ARIHANTSUP-EQ,ARIHANTSUP,NSE,ARIHANTSUP
20188,WABAG-EQ,WABAG,NSE,WABAG
20323,RESPONIND-EQ,RESPONIND,NSE,RESPONIND
20776,BHAGYANGR-EQ,BHAGYANGR,NSE,BHAGYANGR
20778,JAMNAAUTO-EQ,JAMNAAUTO,NSE,JAMNAAUTO
20788,MOTISONS-EQ,MOTISONS,NSE,MOTISONS
20830,MOIL-EQ,MOIL,NSE,MOIL
20877,PSPPROJECT-EQ,PSPPROJECT,NSE,PSPPROJECT
21247,DIGIDRIVE-EQ,DIGIDRIVE,NSE,DIGIDRIVE
21423,MOM100-EQ,MOM100,NSE,MOM100
2144,BDL-EQ,BDL,NSE,BDL
21428,TATSILV-EQ,TATSILV,NSE,TATSILV
21578,COMSYN-EQ,COMSYN,NSE,COMSYN
21705,MEDIASSIST-EQ,MEDIASSIST,NSE,MEDIASSIST
21704,DCAL-EQ,DCAL,NSE,DCAL
21957,INDTERRAIN-EQ,INDTERRAIN,NSE,INDTERRAIN
22463,EPACK-EQ,EPACK,NSE,EPACK
22566,BLSE-EQ,BLSE,NSE,BLSE
22592,HEALTHADD-EQ,HEALTHADD,NSE,HEALTHADD
22656,SIGNPOST-EQ,SIGNPOST,NSE,SIGNPOST
22722,LICNMID100-EQ,LICNMID100,NSE,LICNMID100
22832,SMALLCAP-EQ,SMALLCAP,NSE,SMALLCAP
2294,MTNL-EQ,MTNL,NSE,MTNL
2328,CPSEETF-EQ,CPSEETF,NSE,CPSEETF
2331,JAYNECOIND-EQ,JAYNECOIND,NSE,JAYNECOIND
23365,AQYLON-EQ,AQYLON,NSE,AQYLON
23621,JNKINDIA-EQ,JNKINDIA,NSE,JNKINDIA
23806,ABSLPSE-EQ,ABSLPSE,NSE,ABSLPSE
24025,KRONOX-EQ,KRONOX,NSE,KRONOX
24184,PIIND-EQ,PIIND,NSE,PIIND
24226,STANLEY-EQ,STANLEY,NSE,STANLEY
24386,BANSALWIRE-EQ,BANSALWIRE,NSE,BANSALWIRE
1142,GINNIFILA-EQ,GINNIFILA,NSE,GINNIFILA
11511,CENTEXT-EQ,CENTEXT,NSE,CENTEXT
11522,NIITLTD-EQ,NIITLTD,NSE,NIITLTD
11536,TCS-EQ,TCS,NSE,TCS
11580,WESTLIFE-EQ,WESTLIFE,NSE,WESTLIFE
11591,HDFCNIFTY-EQ,HDFCNIFTY,NSE,HDFCNIFTY
11596,LINCOLN-EQ,LINCOLN,NSE,LINCOLN
11626,WELENT-EQ,WELENT,NSE,WELENT
11630,NTPC-EQ,NTPC,NSE,NTPC
11743,JINDALPHOT-EQ,JINDALPHOT,NSE,JINDALPHOT
11794,SAKSOFT-EQ,SAKSOFT,NSE,SAKSOFT
11852,SURYALAXMI-EQ,SURYALAXMI,NSE,SURYALAXMI
11896,GEOJITFSL-EQ,GEOJITFSL,NSE,GEOJITFSL
11975,RML-EQ,RML,NSE,RML
1196,KANSAINER-EQ,KANSAINER,NSE,KANSAINER
12101,HDFCNIFIT-EQ,HDFCNIFIT,NSE,HDFCNIFIT
12578,FINIETF-EQ,FINIETF,NSE,FINIETF
12716,TEAMLEASE-EQ,TEAMLEASE,NSE,TEAMLEASE
13035,SAFARI-EQ,SAFARI,NSE,SAFARI
13106,NAHARINDUS-EQ,NAHARINDUS,NSE,NAHARINDUS
13111,ORIENTCER-EQ,ORIENTCER,NSE,ORIENTCER
13139,EBBETF0433-EQ,EBBETF0433,NSE,EBBETF0433
13175,NITINSPIN-EQ,NITINSPIN,NSE,NITINSPIN
13295,VISASTEEL-EQ,VISASTEEL,NSE,VISASTEEL
13332,SOLARINDS-EQ,SOLARINDS,NSE,SOLARINDS
13381,KKCL-EQ,KKCL,NSE,KKCL
13496,PFOCUS-EQ,PFOCUS,NSE,PFOCUS
13536,VIDHIING-EQ,VIDHIING,NSE,VIDHIING
13577,VOLTAMP-EQ,VOLTAMP,NSE,VOLTAMP
13656,ALICON-EQ,ALICON,NSE,ALICON
13702,VISHWARAJ-EQ,VISHWARAJ,NSE,VISHWARAJ
1372,HINDCOMPOS-EQ,HINDCOMPOS,NSE,HINDCOMPOS
13750,FLUOROCHEM-EQ,FLUOROCHEM,NSE,FLUOROCHEM
13751,NAUKRI-EQ,NAUKRI,NSE,NAUKRI
13771,VGL-EQ,VGL,NSE,VGL
13810,GREENPANEL-EQ,GREENPANEL,NSE,GREENPANEL
13890,HIRECT-EQ,HIRECT,NSE,HIRECT
1394,HINDUNILVR-EQ,HINDUNILVR,NSE,HINDUNILVR
1403,HINDOILEXP-EQ,HINDOILEXP,NSE,HINDOILEXP
14086,IGPL-EQ,IGPL,NSE,IGPL
14096,SIYSIL-EQ,SIYSIL,NSE,SIYSIL
14180,NSLNISP-EQ,NSLNISP,NSE,NSLNISP
14239,HBS500INAV-EQ,HBS500INAV,NSE,HBS500INAV
14255,REDINGTON-EQ,REDINGTON,NSE,REDINGTON
14480,GOKULAGRO-EQ,GOKULAGRO,NSE,GOKULAGRO
14597,ALPHAGEO-EQ,ALPHAGEO,NSE,ALPHAGEO
1467,AKZOINDIA-EQ,AKZOINDIA,NSE,AKZOINDIA
14742,AXSENSEX-EQ,AXSENSEX,NSE,AXSENSEX
14758,051NSETEST-EQ,051NSETEST,NSE,051NSETEST
14774,111NSETEST-EQ,111NSETEST,NSE,111NSETEST
14778,131NSETEST-EQ,131NSETEST,NSE,131NSETEST
14838,DECCANCE-EQ,DECCANCE,NSE,DECCANCE
14922,PURVA-EQ,PURVA,NSE,PURVA
14942,NAGREEKCAP-EQ,NAGREEKCAP,NSE,NAGREEKCAP
1497,SHIVAMILLS-EQ,SHIVAMILLS,NSE,SHIVAMILLS
14972,KSCL-EQ,KSCL,NSE,KSCL
14977,POWERGRID-EQ,POWERGRID,NSE,POWERGRID
14992,CCCL-EQ,CCCL,NSE,CCCL
15032,PSUBNKBEES-EQ,PSUBNKBEES,NSE,PSUBNKBEES
15067,BLAL-EQ,BLAL,NSE,BLAL
15136,KAUSHALYA-EQ,KAUSHALYA,NSE,KAUSHALYA
15146,JYOTHYLAB-EQ,JYOTHYLAB,NSE,JYOTHYLAB
15156,KALYANIFRG-EQ,KALYANIFRG,NSE,KALYANIFRG
15391,RACE-EQ,RACE,NSE,RACE
157,APOLLOHOSP-EQ,APOLLOHOSP,NSE,APOLLOHOSP
166,ANDHRAPAP-EQ,ANDHRAPAP,NSE,ANDHRAPAP
1660,ITC-EQ,ITC,NSE,ITC
16657,ANIKINDS-EQ,ANIKINDS,NSE,ANIKINDS
16683,DIGISPICE-EQ,DIGISPICE,NSE,DIGISPICE
16696,GHCLTEXTIL-EQ,GHCLTEXTIL,NSE,GHCLTEXTIL
16705,GOKUL-EQ,GOKUL,NSE,GOKUL
16736,MKPL-EQ,MKPL,NSE,MKPL
16863,LPDC-EQ,LPDC,NSE,LPDC
16986,COUNCODOS-EQ,COUNCODOS,NSE,COUNCODOS
17062,PALREDTEC-EQ,PALREDTEC,NSE,PALREDTEC
1720,JAYSREETEA-EQ,JAYSREETEA,NSE,JAYSREETEA
17152,MIDCAPIETF-EQ,MIDCAPIETF,NSE,MIDCAPIETF
17388,ADANIPOWER-EQ,ADANIPOWER,NSE,ADANIPOWER
17520,RTNPOWER-EQ,RTNPOWER,NSE,RTNPOWER
17851,DLINKINDIA-EQ,DLINKINDIA,NSE,DLINKINDIA
17875,GODREJPROP-EQ,GODREJPROP,NSE,GODREJPROP
1805,KABRAEXTRU-EQ,KABRAEXTRU,NSE,KABRAEXTRU
181,ARENTERP-EQ,ARENTERP,NSE,ARENTERP
18124,DBREALTY-EQ,DBREALTY,NSE,DBREALTY
18214,TEXMOPIPES-EQ,TEXMOPIPES,NSE,TEXMOPIPES
18284,HNGSNGBEES-EQ,HNGSNGBEES,NSE,HNGSNGBEES
18760,YATRA-EQ,YATRA,NSE,YATRA
18866,MAZDA-EQ,MAZDA,NSE,MAZDA
18908,PNBHOUSING-EQ,PNBHOUSING,NSE,PNBHOUSING
19073,AARVI-EQ,AARVI,NSE,AARVI
19265,BLISSGVS-EQ,BLISSGVS,NSE,BLISSGVS
19401,BOROLTD-EQ,BOROLTD,NSE,BOROLTD
1949,KSB-EQ,KSB,NSE,KSB
19578,UGARSUGAR-EQ,UGARSUGAR,NSE,UGARSUGAR
19640,ALPHAETF-EQ,ALPHAETF,NSE,ALPHAETF
19705,LIQUIDSBI-EQ,LIQUIDSBI,NSE,LIQUIDSBI
19931,ORISSAMINE-EQ,ORISSAMINE,NSE,ORISSAMINE
20160,CANTABIL-EQ,CANTABIL,NSE,CANTABIL
20374,COALINDIA-EQ,COALINDIA,NSE,COALINDIA
20534,GRAVITA-EQ,GRAVITA,NSE,GRAVITA
20621,PENIND-EQ,PENIND,NSE,PENIND
20760,RPPINFRA-EQ,RPPINFRA,NSE,RPPINFRA
20825,HUDCO-EQ,HUDCO,NSE,HUDCO
2085,MAHSCOOTER-EQ,MAHSCOOTER,NSE,MAHSCOOTER
20854,HAPPYFORGE-EQ,HAPPYFORGE,NSE,HAPPYFORGE
20936,KIRLOSENG-EQ,KIRLOSENG,NSE,KIRLOSENG
2112,MARALOVER-EQ,MARALOVER,NSE,MARALOVER
21238,AUBANK-EQ,AUBANK,NSE,AUBANK
21623,APEX-EQ,APEX,NSE,APEX
2188,GENCON-EQ,GENCON,NSE,GENCON
21951,HFCL-EQ,HFCL,NSE,HFCL
22344,ALPL30IETF-EQ,ALPL30IETF,NSE,ALPL30IETF
22477,NOVAAGRI-EQ,NOVAAGRI,NSE,NOVAAGRI
22649,PARKHOTELS-EQ,PARKHOTELS,NSE,PARKHOTELS
22717,ENTERO-EQ,ENTERO,NSE,ENTERO
22730,VSTL-EQ,VSTL,NSE,VSTL
2277,MRF-EQ,MRF,NSE,MRF
2313,MURUDCERA-EQ,MURUDCERA,NSE,MURUDCERA
23175,KRYSTAL-EQ,KRYSTAL,NSE,KRYSTAL
23507,UEL-EQ,UEL,NSE,UEL
23512,TARACHAND-EQ,TARACHAND,NSE,TARACHAND
23590,GLOSTERLTD-EQ,GLOSTERLTD,NSE,GLOSTERLTD
23740,TBOTEK-EQ,TBOTEK,NSE,TBOTEK
23855,MIDSMALL-EQ,MIDSMALL,NSE,MIDSMALL
24086,TOP100INAV-EQ,TOP100INAV,NSE,TOP100INAV
24225,RELAXO-EQ,RELAXO,NSE,RELAXO
24292,VSTTILLERS-EQ,VSTTILLERS,NSE,VSTTILLERS
2439,NKIND-EQ,NKIND,NSE,NKIND
24445,AGIIL-EQ,AGIIL,NSE,AGIIL
1153,GLAXO-EQ,GLAXO,NSE,GLAXO
11547,HDFCLOWVOL-EQ,HDFCLOWVOL,NSE,HDFCLOWVOL
11573,FORCEMOT-EQ,FORCEMOT,NSE,FORCEMOT
11618,ASTRAMICRO-EQ,ASTRAMICRO,NSE,ASTRAMICRO
11634,SALSTEEL-EQ,SALSTEEL,NSE,SALSTEEL
11796,HPIL-EQ,HPIL,NSE,HPIL
11919,MSPL-EQ,MSPL,NSE,MSPL
11927,NECLIFE-EQ,NECLIFE,NSE,NECLIFE
11932,FUSION-EQ,FUSION,NSE,FUSION
11992,SYNCOMF-EQ,SYNCOMF,NSE,SYNCOMF
1250,CASTROLIND-EQ,CASTROLIND,NSE,CASTROLIND
12489,SWSOLAR-EQ,SWSOLAR,NSE,SWSOLAR
12533,AAATECH-EQ,AAATECH,NSE,AAATECH
12603,PRECAM-EQ,PRECAM,NSE,PRECAM
1289,GFLLIMITED-EQ,GFLLIMITED,NSE,GFLLIMITED
12913,SARVESHWAR-EQ,SARVESHWAR,NSE,SARVESHWAR
13082,SILVER1-EQ,SILVER1,NSE,SILVER1
13121,KERNEX-EQ,KERNEX,NSE,KERNEX
13192,ENIL-EQ,ENIL,NSE,ENIL
1328,MARINE-EQ,MARINE,NSE,MARINE
1327,HCL-INSYS-EQ,HCL-INSYS,NSE,HCL-INSYS
13451,RATNAMANI-EQ,RATNAMANI,NSE,RATNAMANI
13528,GMRAIRPORT-EQ,GMRAIRPORT,NSE,GMRAIRPORT
13560,GRINDWELL-EQ,GRINDWELL,NSE,GRINDWELL
13572,MANUGRAPH-EQ,MANUGRAPH,NSE,MANUGRAPH
13585,ATLANTAA-EQ,ATLANTAA,NSE,ATLANTAA
13648,TALBROAUTO-EQ,TALBROAUTO,NSE,TALBROAUTO
13671,MADHUCON-EQ,MADHUCON,NSE,MADHUCON
13735,GLOBALVECT-EQ,GLOBALVECT,NSE,GLOBALVECT
13801,SUTLEJTEX-EQ,SUTLEJTEX,NSE,SUTLEJTEX
13941,PRAENG-EQ,PRAENG,NSE,PRAENG
13951,PARACABLES-EQ,PARACABLES,NSE,PARACABLES
14043,SARLAPOLY-EQ,SARLAPOLY,NSE,SARLAPOLY
14198,TIMKEN-EQ,TIMKEN,NSE,TIMKEN
14299,PFC-EQ,PFC,NSE,PFC
14319,TFL-EQ,TFL,NSE,TFL
14413,PAGEIND-EQ,PAGEIND,NSE,PAGEIND
14418,ASTRAL-EQ,ASTRAL,NSE,ASTRAL
1442,SANOFI-EQ,SANOFI,NSE,SANOFI
14535,GOLDBETA-EQ,GOLDBETA,NSE,GOLDBETA
14552,PHOENIXLTD-EQ,PHOENIXLTD,NSE,PHOENIXLTD
14707,TIMETECHNO-EQ,TIMETECHNO,NSE,TIMETECHNO
14813,ADSL-EQ,ADSL,NSE,ADSL
14853,OMAXE-EQ,OMAXE,NSE,OMAXE
14890,AKI-EQ,AKI,NSE,AKI
14908,KDDL-EQ,KDDL,NSE,KDDL
14957,MAGNUM-EQ,MAGNUM,NSE,MAGNUM
1512,INDHOTEL-EQ,INDHOTEL,NSE,INDHOTEL
1515,INDIACEM-EQ,INDIACEM,NSE,INDIACEM
15151,MADHAV-EQ,MADHAV,NSE,MADHAV
15179,ECLERX-EQ,ECLERX,NSE,ECLERX
1530,INDIANHUME-EQ,INDIANHUME,NSE,INDIANHUME
15271,CORDSCABLE-EQ,CORDSCABLE,NSE,CORDSCABLE
15360,NAHARCAP-EQ,NAHARCAP,NSE,NAHARCAP
15377,PDMJEPAPER-EQ,PDMJEPAPER,NSE,PDMJEPAPER
15414,TITAGARH-EQ,TITAGARH,NSE,TITAGARH
1570,GMMPFAUDLR-EQ,GMMPFAUDLR,NSE,GMMPFAUDLR
1597,INGERRAND-EQ,INGERRAND,NSE,INGERRAND
17,GATECHDVR-EQ,GATECHDVR,NSE,GATECHDVR
17044,SHARIABEES-EQ,SHARIABEES,NSE,SHARIABEES
17071,URAVIDEF-EQ,URAVIDEF,NSE,URAVIDEF
17105,SUMICHEM-EQ,SUMICHEM,NSE,SUMICHEM
17207,ITADD-EQ,ITADD,NSE,ITADD
17358,UTKARSHBNK-EQ,UTKARSHBNK,NSE,UTKARSHBNK
17438,OIL-EQ,OIL,NSE,OIL
17486,EXPLEOSOL-EQ,EXPLEOSOL,NSE,EXPLEOSOL
1756,JINDALPOLY-EQ,JINDALPOLY,NSE,JINDALPOLY
17576,PVTBANKADD-EQ,PVTBANKADD,NSE,PVTBANKADD
17598,ASALCBR-EQ,ASALCBR,NSE,ASALCBR
17728,ASTEC-EQ,ASTEC,NSE,ASTEC
17747,NIITMTS-EQ,NIITMTS,NSE,NIITMTS
17795,TREL-EQ,TREL,NSE,TREL
17903,ABBOTINDIA-EQ,ABBOTINDIA,NSE,ABBOTINDIA
17987,TRF-EQ,TRF,NSE,TRF
18096,JUBLFOOD-EQ,JUBLFOOD,NSE,JUBLFOOD
18143,JIOFIN-EQ,JIOFIN,NSE,JIOFIN
18208,ORIENTLTD-EQ,ORIENTLTD,NSE,ORIENTLTD
18365,PERSISTENT-EQ,PERSISTENT,NSE,PERSISTENT
18371,NDGL-EQ,NDGL,NSE,NDGL
18608,ZAGGLE-EQ,ZAGGLE,NSE,ZAGGLE
18659,MARATHON-EQ,MARATHON,NSE,MARATHON
18883,SJVN-EQ,SJVN,NSE,SJVN
18921,VBL-EQ,VBL,NSE,VBL
18944,KINGFA-EQ,KINGFA,NSE,KINGFA
18977,UNIVASTU-EQ,UNIVASTU,NSE,UNIVASTU
19,STYRENIX-EQ,STYRENIX,NSE,STYRENIX
19020,JSWINFRA-EQ,JSWINFRA,NSE,JSWINFRA
19097,SILLYMONKS-EQ,SILLYMONKS,NSE,SILLYMONKS
19218,VALIANTLAB-EQ,VALIANTLAB,NSE,VALIANTLAB
19223,TCIEXP-EQ,TCIEXP,NSE,TCIEXP
19234,LAURUSLABS-EQ,LAURUSLABS,NSE,LAURUSLABS
19496,SECMARK-EQ,SECMARK,NSE,SECMARK
199,MASFIN-EQ,MASFIN,NSE,MASFIN
20072,INFRABEES-EQ,INFRABEES,NSE,INFRABEES
20110,GREENPOWER-EQ,GREENPOWER,NSE,GREENPOWER
2018,LUMAXIND-EQ,LUMAXIND,NSE,LUMAXIND
20182,ASHOKA-EQ,ASHOKA,NSE,ASHOKA
2029,IRFC-EQ,IRFC,NSE,IRFC
20257,ESILVER-EQ,ESILVER,NSE,ESILVER
20547,BBNPPGOLD-EQ,BBNPPGOLD,NSE,BBNPPGOLD
20698,SCHAND-EQ,SCHAND,NSE,SCHAND
21113,BFINVEST-EQ,BFINVEST,NSE,BFINVEST
21254,LOWVOLIETF-EQ,LOWVOLIETF,NSE,LOWVOLIETF
21275,SUMMITSEC-EQ,SUMMITSEC,NSE,SUMMITSEC
21406,AVADHSUGAR-EQ,AVADHSUGAR,NSE,AVADHSUGAR
2168,RAJMET-EQ,RAJMET,NSE,RAJMET
21828,TEXRAIL-EQ,TEXRAIL,NSE,TEXRAIL
21986,BANKBETF-EQ,BANKBETF,NSE,BANKBETF
22239,EBBETF0431-EQ,EBBETF0431,NSE,EBBETF0431
22255,NDRAUTO-EQ,NDRAUTO,NSE,NDRAUTO
2229,MODIRUBBER-EQ,MODIRUBBER,NSE,MODIRUBBER
22347,MACPOWER-EQ,MACPOWER,NSE,MACPOWER
22423,TOTAL-EQ,TOTAL,NSE,TOTAL
22521,GILT5BETA-EQ,GILT5BETA,NSE,GILT5BETA
2303,HAL-EQ,HAL,NSE,HAL
23127,SCILAL-EQ,SCILAL,NSE,SCILAL
23188,MOS250INAV-EQ,MOS250INAV,NSE,MOS250INAV
236,ASIANPAINT-EQ,ASIANPAINT,NSE,ASIANPAINT
23447,181NSETEST-EQ,181NSETEST,NSE,181NSETEST
23693,INDGN-EQ,INDGN,NSE,INDGN
24067,IXIGO-EQ,IXIGO,NSE,IXIGO
24077,MID150CASE-EQ,MID150CASE,NSE,MID150CASE
24117,BBNPNBETF-EQ,BBNPNBETF,NSE,BBNPNBETF
24190,SYMPHONY-EQ,SYMPHONY,NSE,SYMPHONY
24366,SBISILVER-EQ,SBISILVER,NSE,SBISILVER
24378,RELIABLE-EQ,RELIABLE,NSE,RELIABLE
24538,MAITHANALL-EQ,MAITHANALL,NSE,MAITHANALL
24391,DELPHIFX-EQ,DELPHIFX,NSE,DELPHIFX
24582,SANSTAR-EQ,SANSTAR,NSE,SANSTAR
24595,RUSHIL-EQ,RUSHIL,NSE,RUSHIL
2481,ONWARDTEC-EQ,ONWARDTEC,NSE,ONWARDTEC
24809,UNIECOM-EQ,UNIECOM,NSE,UNIECOM
24961,ORIENTTECH-EQ,ORIENTTECH,NSE,ORIENTTECH
24969,WINDMACHIN-EQ,WINDMACHIN,NSE,WINDMACHIN
2513,BCLIND-EQ,BCLIND,NSE,BCLIND
25157,RVTH-EQ,RVTH,NSE,RVTH
25340,VASWANI-EQ,VASWANI,NSE,VASWANI
25512,FLEXITUFF-EQ,FLEXITUFF,NSE,FLEXITUFF
2562,HUHTAMAKI-EQ,HUHTAMAKI,NSE,HUHTAMAKI
25621,MOME50INAV-EQ,MOME50INAV,NSE,MOME50INAV
25640,LICMFGOLD-EQ,LICMFGOLD,NSE,LICMFGOLD
25718,POLYMED-EQ,POLYMED,NSE,POLYMED
25737,SRD-EQ,SRD,NSE,SRD
25941,GODAVARIB-EQ,GODAVARIB,NSE,GODAVARIB
263,ATUL-EQ,ATUL,NSE,ATUL
2627,IT-EQ,IT,NSE,IT
2636,DIVOPPBEES-EQ,DIVOPPBEES,NSE,DIVOPPBEES
27020,ABINFRA-EQ,ABINFRA,NSE,ABINFRA
27176,NTPCGREEN-EQ,NTPCGREEN,NSE,NTPCGREEN
27353,ROSSTECH-EQ,ROSSTECH,NSE,ROSSTECH
2792,EASEMYTRIP-EQ,EASEMYTRIP,NSE,EASEMYTRIP
2799,CHEMFAB-EQ,CHEMFAB,NSE,CHEMFAB
2809,RAJSREESUG-EQ,RAJSREESUG,NSE,RAJSREESUG
28046,MOBIKWIK-EQ,MOBIKWIK,NSE,MOBIKWIK
2829,ANURAS-EQ,ANURAS,NSE,ANURAS
2859,RAYMOND-EQ,RAYMOND,NSE,RAYMOND
28687,MAMATA-EQ,MAMATA,NSE,MAMATA
28764,CEWATER-EQ,CEWATER,NSE,CEWATER
28906,MAYURUNIQ-EQ,MAYURUNIQ,NSE,MAYURUNIQ
2912,RIIL-EQ,RIIL,NSE,RIIL
29204,STALLION-EQ,STALLION,NSE,STALLION
29439,SUPREME-EQ,SUPREME,NSE,SUPREME
29459,MOSCHIP-EQ,MOSCHIP,NSE,MOSCHIP
29482,MCLOUD-EQ,MCLOUD,NSE,MCLOUD
29583,NATCAPSUQ-EQ,NATCAPSUQ,NSE,NATCAPSUQ
29590,JUBLCPL-EQ,JUBLCPL,NSE,JUBLCPL
29666,HEXT-EQ,HEXT,NSE,HEXT
29944,NIFTY100EW-EQ,NIFTY100EW,NSE,NIFTY100EW
30023,ATULAUTO-EQ,ATULAUTO,NSE,ATULAUTO
30126,GLD360INAV-EQ,GLD360INAV,NSE,GLD360INAV
30134,PRABHA-EQ,PRABHA,NSE,PRABHA
30274,SILVERCASE-EQ,SILVERCASE,NSE,SILVERCASE
3129,TRANSWORLD-EQ,TRANSWORLD,NSE,TRANSWORLD
30619,SBI150INAV-EQ,SBI150INAV,NSE,SBI150INAV
31837,SREEL-EQ,SREEL,NSE,SREEL
3273,SRF-EQ,SRF,NSE,SRF
3275,TEMBO-EQ,TEMBO,NSE,TEMBO
347,BANARBEADS-EQ,BANARBEADS,NSE,BANARBEADS
3507,MAFANG-EQ,MAFANG,NSE,MAFANG
3672,SOLARA-EQ,SOLARA,NSE,SOLARA
3772,WILLAMAGOR-EQ,WILLAMAGOR,NSE,WILLAMAGOR
3880,SOMANYCERA-EQ,SOMANYCERA,NSE,SOMANYCERA
4055,PANACEABIO-EQ,PANACEABIO,NSE,PANACEABIO
4204,MOTHERSON-EQ,MOTHERSON,NSE,MOTHERSON
4244,HDFCAMC-EQ,HDFCAMC,NSE,HDFCAMC
4469,ELECTHERM-EQ,ELECTHERM,NSE,ELECTHERM
4598,HERITGFOOD-EQ,HERITGFOOD,NSE,HERITGFOOD
467,HDFCLIFE-EQ,HDFCLIFE,NSE,HDFCLIFE
471,OSWALGREEN-EQ,OSWALGREEN,NSE,OSWALGREEN
474,3MINDIA-EQ,3MINDIA,NSE,3MINDIA
4751,INDRAMEDCO-EQ,INDRAMEDCO,NSE,INDRAMEDCO
4957,GANGAFORGE-EQ,GANGAFORGE,NSE,GANGAFORGE
513,BOMDYEING-EQ,BOMDYEING,NSE,BOMDYEING
5142,CIGNITITEC-EQ,CIGNITITEC,NSE,CIGNITITEC
5239,MAHAPEXLTD-EQ,MAHAPEXLTD,NSE,MAHAPEXLTD
5258,INDUSINDBK-EQ,INDUSINDBK,NSE,INDUSINDBK
5279,ROLEXRINGS-EQ,ROLEXRINGS,NSE,ROLEXRINGS
5292,PRITIKAUTO-EQ,PRITIKAUTO,NSE,PRITIKAUTO
5306,FMCGIETF-EQ,FMCGIETF,NSE,FMCGIETF
5394,MOL-EQ,MOL,NSE,MOL
5475,GRSE-EQ,GRSE,NSE,GRSE
5507,SERVOTECH-EQ,SERVOTECH,NSE,SERVOTECH
5578,ACUTAAS-EQ,ACUTAAS,NSE,ACUTAAS
5585,VIJAYA-EQ,VIJAYA,NSE,VIJAYA
559,BSL-EQ,BSL,NSE,BSL
5610,ASTRAZEN-EQ,ASTRAZEN,NSE,ASTRAZEN
5631,PAR-EQ,PAR,NSE,PAR
5701,CUB-EQ,CUB,NSE,CUB
5751,SANSERA-EQ,SANSERA,NSE,SANSERA
5688,ARCHIES-EQ,ARCHIES,NSE,ARCHIES
6006,COASTCORP-EQ,COASTCORP,NSE,COASTCORP
6062,LICNETFGSC-EQ,LICNETFGSC,NSE,LICNETFGSC
6068,AIROLAM-EQ,AIROLAM,NSE,AIROLAM
6125,GOODLUCK-EQ,GOODLUCK,NSE,GOODLUCK
6227,DTIL-EQ,DTIL,NSE,DTIL
625,ABREL-EQ,ABREL,NSE,ABREL
6353,NIFTYETF-EQ,NIFTYETF,NSE,NIFTYETF
6385,CCHHL-EQ,CCHHL,NSE,CCHHL
6407,LAMBODHARA-EQ,LAMBODHARA,NSE,LAMBODHARA
6489,IRIS-EQ,IRIS,NSE,IRIS
6908,VISHNU-EQ,VISHNU,NSE,VISHNU
6973,DMCC-EQ,DMCC,NSE,DMCC
6994,BSOFT-EQ,BSOFT,NSE,BSOFT
701,HEMIPROP-EQ,HEMIPROP,NSE,HEMIPROP
703,DICIND-EQ,DICIND,NSE,DICIND
7390,SUPRIYA-EQ,SUPRIYA,NSE,SUPRIYA
7456,MIDQ50ADD-EQ,MIDQ50ADD,NSE,MIDQ50ADD
7480,BLUECOAST-EQ,BLUECOAST,NSE,BLUECOAST
756871,ENRIN-EQ,ENRIN,NSE,ENRIN
757031,MOINFRA-EQ,MOINFRA,NSE,MOINFRA
757455,SNXT30BEES-EQ,SNXT30BEES,NSE,SNXT30BEES
757791,MOGOLD-EQ,MOGOLD,NSE,MOGOLD
758002,SHANTIGOLD-EQ,SHANTIGOLD,NSE,SHANTIGOLD
758700,ARFIN-EQ,ARFIN,NSE,ARFIN
758863,LAXMIINDIA-EQ,LAXMIINDIA,NSE,LAXMIINDIA
758904,AONEGOLD-EQ,AONEGOLD,NSE,AONEGOLD
758958,STLNETWORK-EQ,STLNETWORK,NSE,STLNETWORK
759152,VMSTMT-EQ,VMSTMT,NSE,VMSTMT
759176,TIGERLOGS-EQ,TIGERLOGS,NSE,TIGERLOGS
759251,EPACKPEB-EQ,EPACKPEB,NSE,EPACKPEB
759256,BMWVENTLTD-EQ,BMWVENTLTD,NSE,BMWVENTLTD
759723,PWL-EQ,PWL,NSE,PWL
759769,ADVENTHTL-EQ,ADVENTHTL,NSE,ADVENTHTL
759780,ENERGY-EQ,ENERGY,NSE,ENERGY
759847,SHILCTECH-EQ,SHILCTECH,NSE,SHILCTECH
759880,TENNIND-EQ,TENNIND,NSE,TENNIND
759885,CHEMICAL-EQ,CHEMICAL,NSE,CHEMICAL
759978,MSCIADD-EQ,MSCIADD,NSE,MSCIADD
759992,AONETMMQ50-EQ,AONETMMQ50,NSE,AONETMMQ50
760178,GAUDIUMIVF-EQ,GAUDIUMIVF,NSE,GAUDIUMIVF
760247,ABSL10BANK-EQ,ABSL10BANK,NSE,ABSL10BANK
760300,LEMERITE-EQ,LEMERITE,NSE,LEMERITE
760356,MIDCAPADD-EQ,MIDCAPADD,NSE,MIDCAPADD
760599,NEXT50ADD-EQ,NEXT50ADD,NSE,NEXT50ADD
24533,OILIETF-EQ,OILIETF,NSE,OILIETF
24596,RELTD-EQ,RELTD,NSE,RELTD
2472,OILCOUNTUB-EQ,OILCOUNTUB,NSE,OILCOUNTUB
2475,ONGC-EQ,ONGC,NSE,ONGC
24777,OLAELEC-EQ,OLAELEC,NSE,OLAELEC
24798,GROWWEV-EQ,GROWWEV,NSE,GROWWEV
24814,FIRSTCRY-EQ,FIRSTCRY,NSE,FIRSTCRY
2492,SILGO-EQ,SILGO,NSE,SILGO
24924,ELGIRUBCO-EQ,ELGIRUBCO,NSE,ELGIRUBCO
24948,LTF-EQ,LTF,NSE,LTF
25,ADANIENT-EQ,ADANIENT,NSE,ADANIENT
25503,INDOUS-EQ,INDOUS,NSE,INDOUS
25597,MANBA-EQ,MANBA,NSE,MANBA
25634,ESSARSHPNG-EQ,ESSARSHPNG,NSE,ESSARSHPNG
25684,JISLDVREQS-EQ,JISLDVREQS,NSE,JISLDVREQS
25800,GARUDA-EQ,GARUDA,NSE,GARUDA
25835,VINCOFE-EQ,VINCOFE,NSE,VINCOFE
25855,AFFORDABLE-EQ,AFFORDABLE,NSE,AFFORDABLE
2616,SEAMECLTD-EQ,SEAMECLTD,NSE,SEAMECLTD
27061,ACMESOLAR-EQ,ACMESOLAR,NSE,ACMESOLAR
2708,PRAKASH-EQ,PRAKASH,NSE,PRAKASH
27079,KPEL-EQ,KPEL,NSE,KPEL
27107,SPECIALITY-EQ,SPECIALITY,NSE,SPECIALITY
28805,SANATHAN-EQ,SANATHAN,NSE,SANATHAN
28879,CARRARO-EQ,CARRARO,NSE,CARRARO
28960,UNIMECH-EQ,UNIMECH,NSE,UNIMECH
29025,INDOFARM-EQ,INDOFARM,NSE,INDOFARM
29075,SETL-EQ,SETL,NSE,SETL
2909,RICOAUTO-EQ,RICOAUTO,NSE,RICOAUTO
29146,NAVKARURB-EQ,NAVKARURB,NSE,NAVKARURB
29472,PROTEAN-EQ,PROTEAN,NSE,PROTEAN
29492,ORCHASP-EQ,ORCHASP,NSE,ORCHASP
2970,SURYODAY-EQ,SURYODAY,NSE,SURYODAY
2972,ORIENTELEC-EQ,ORIENTELEC,NSE,ORIENTELEC
2988,SANDESH-EQ,SANDESH,NSE,SANDESH
3009,KOHINOOR-EQ,KOHINOOR,NSE,KOHINOOR
30105,GOLD360-EQ,GOLD360,NSE,GOLD360
30109,SELECTIPO-EQ,SELECTIPO,NSE,SELECTIPO
3138,HONDAPOWER-EQ,HONDAPOWER,NSE,HONDAPOWER
3403,AJOONI-EQ,AJOONI,NSE,AJOONI
3512,TNTELE-EQ,TNTELE,NSE,TNTELE
3570,UCAL-EQ,UCAL,NSE,UCAL
3715,VLSFINANCE-EQ,VLSFINANCE,NSE,VLSFINANCE
3787,WIPRO-EQ,WIPRO,NSE,WIPRO
3807,VINEETLAB-EQ,VINEETLAB,NSE,VINEETLAB
3821,ZODIACLOTH-EQ,ZODIACLOTH,NSE,ZODIACLOTH
3918,NATCOPHARM-EQ,NATCOPHARM,NSE,NATCOPHARM
4136,BIOFILCHEM-EQ,BIOFILCHEM,NSE,BIOFILCHEM
4130,REGENCERAM-EQ,REGENCERAM,NSE,REGENCERAM
426,BHARATGEAR-EQ,BHARATGEAR,NSE,BHARATGEAR
4487,ALKYLAMINE-EQ,ALKYLAMINE,NSE,ALKYLAMINE
4503,MPHASIS-EQ,MPHASIS,NSE,MPHASIS
4525,DYNAMATECH-EQ,DYNAMATECH,NSE,DYNAMATECH
4684,SONACOMS-EQ,SONACOMS,NSE,SONACOMS
4732,SKMEGGPROD-EQ,SKMEGGPROD,NSE,SKMEGGPROD
4809,KCPSUGIND-EQ,KCPSUGIND,NSE,KCPSUGIND
4911,MADRASFERT-EQ,MADRASFERT,NSE,MADRASFERT
495,BLUEDART-EQ,BLUEDART,NSE,BLUEDART
761192,KRISHNADEF-EQ,KRISHNADEF,NSE,KRISHNADEF
761511,VALUE-EQ,VALUE,NSE,VALUE
762239,GSPCROP-EQ,GSPCROP,NSE,GSPCROP
7835,WEL-EQ,WEL,NSE,WEL
7848,BIL-EQ,BIL,NSE,BIL
8077,MIDCAP-EQ,MIDCAP,NSE,MIDCAP
8080,SILVERBEES-EQ,SILVERBEES,NSE,SILVERBEES
8153,MEGASTAR-EQ,MEGASTAR,NSE,MEGASTAR
8266,SOFTTECH-EQ,SOFTTECH,NSE,SOFTTECH
8341,CALSOFT-EQ,CALSOFT,NSE,CALSOFT
8477,XELPMOC-EQ,XELPMOC,NSE,XELPMOC
8506,MID150BEES-EQ,MID150BEES,NSE,MID150BEES
5049,CLEAN-EQ,CLEAN,NSE,CLEAN
5186,STYLAMIND-EQ,STYLAMIND,NSE,STYLAMIND
5407,CARTRADE-EQ,CARTRADE,NSE,CARTRADE
5501,YUKEN-EQ,YUKEN,NSE,YUKEN
5732,AXISCETF-EQ,AXISCETF,NSE,AXISCETF
578,LIKHITHA-EQ,LIKHITHA,NSE,LIKHITHA
5851,BANKNIFTY1-EQ,BANKNIFTY1,NSE,BANKNIFTY1
5900,AXISBANK-EQ,AXISBANK,NSE,AXISBANK
5911,PARAS-EQ,PARAS,NSE,PARAS
6141,PANSARI-EQ,PANSARI,NSE,PANSARI
6216,CAMLINFINE-EQ,CAMLINFINE,NSE,CAMLINFINE
6545,NYKAA-EQ,NYKAA,NSE,NYKAA
6596,SONATSOFTW-EQ,SONATSOFTW,NSE,SONATSOFTW
6713,MOLDTKPAC-EQ,MOLDTKPAC,NSE,MOLDTKPAC
6792,SBC-EQ,SBC,NSE,SBC
6836,FOCUS-EQ,FOCUS,NSE,FOCUS
6863,BAJAJHCARE-EQ,BAJAJHCARE,NSE,BAJAJHCARE
6951,LINC-EQ,LINC,NSE,LINC
7169,MICEL-EQ,MICEL,NSE,MICEL
7177,RATEGAIN-EQ,RATEGAIN,NSE,RATEGAIN
739,COROMANDEL-EQ,COROMANDEL,NSE,COROMANDEL
7374,STAR-EQ,STAR,NSE,STAR
7412,ALPHA-EQ,ALPHA,NSE,ALPHA
7425,HECPROJECT-EQ,HECPROJECT,NSE,HECPROJECT
756150,SILVER360-EQ,SILVER360,NSE,SILVER360
757102,BELRISE-EQ,BELRISE,NSE,BELRISE
757167,MONEXT50-EQ,MONEXT50,NSE,MONEXT50
757336,AEGISVOPAK-EQ,AEGISVOPAK,NSE,AEGISVOPAK
757781,TOP15IETF-EQ,TOP15IETF,NSE,TOP15IETF
757801,IGCL-EQ,IGCL,NSE,IGCL
757845,INDIQUBE-EQ,INDIQUBE,NSE,INDIQUBE
757953,EUROBOND-EQ,EUROBOND,NSE,EUROBOND
757885,ANTHEM-EQ,ANTHEM,NSE,ANTHEM
757955,PASHUPATI-EQ,PASHUPATI,NSE,PASHUPATI
758558,KALPATARU-EQ,KALPATARU,NSE,KALPATARU
758968,AHCL-EQ,AHCL,NSE,AHCL
759169,MWL-EQ,MWL,NSE,MWL
759210,TRUALT-EQ,TRUALT,NSE,TRUALT
759316,RUBICON-EQ,RUBICON,NSE,RUBICON
759368,FLEXIADD-EQ,FLEXIADD,NSE,FLEXIADD
759434,WEWORK-EQ,WEWORK,NSE,WEWORK
759448,SHREEJISPG-EQ,SHREEJISPG,NSE,SHREEJISPG
759587,STUDDS-EQ,STUDDS,NSE,STUDDS
759605,LENSKART-EQ,LENSKART,NSE,LENSKART
759719,GROWWMC150-EQ,GROWWMC150,NSE,GROWWMC150
759782,TMCV-EQ,TMCV,NSE,TMCV
759876,UTLSOLAR-EQ,UTLSOLAR,NSE,UTLSOLAR
760224,VIDYAWIRES-EQ,VIDYAWIRES,NSE,VIDYAWIRES
760229,MEESHO-EQ,MEESHO,NSE,MEESHO
760234,AEQUS-EQ,AEQUS,NSE,AEQUS
760259,WAKEFIT-EQ,WAKEFIT,NSE,WAKEFIT
760392,RUDRA-EQ,RUDRA,NSE,RUDRA
760438,GROWWMETAL-EQ,GROWWMETAL,NSE,GROWWMETAL
760923,KNAGRI-EQ,KNAGRI,NSE,KNAGRI
761153,SEDEMAC-EQ,SEDEMAC,NSE,SEDEMAC
761270,ALGOQUANT-EQ,ALGOQUANT,NSE,ALGOQUANT
761670,AMIRCHAND-EQ,AMIRCHAND,NSE,AMIRCHAND
761814,TCC-EQ,TCC,NSE,TCC
79,ALEMBICLTD-EQ,ALEMBICLTD,NSE,ALEMBICLTD
7919,BYKE-EQ,BYKE,NSE,BYKE
809,BSHSL-EQ,BSHSL,NSE,BSHSL
245,ADL-EQ,ADL,NSE,ADL
857,DHAMPURSUG-EQ,DHAMPURSUG,NSE,DHAMPURSUG
2463,MIDHANI-EQ,MIDHANI,NSE,MIDHANI
24781,BSLNIFTY-EQ,BSLNIFTY,NSE,BSLNIFTY
24847,GSEC10ABSL-EQ,GSEC10ABSL,NSE,GSEC10ABSL
24909,INTERARCH-EQ,INTERARCH,NSE,INTERARCH
24944,MODEFENCE-EQ,MODEFENCE,NSE,MODEFENCE
24966,SURAJLTD-EQ,SURAJLTD,NSE,SURAJLTD
25088,ASAHISONG-EQ,ASAHISONG,NSE,ASAHISONG
25468,PAISALO-EQ,PAISALO,NSE,PAISALO
25584,TRITURBINE-EQ,TRITURBINE,NSE,TRITURBINE
25907,WAAREEENER-EQ,WAAREEENER,NSE,WAAREEENER
25918,OCCLLTD-EQ,OCCLLTD,NSE,OCCLLTD
2664,PIDILITIND-EQ,PIDILITIND,NSE,PIDILITIND
27161,CINELINE-EQ,CINELINE,NSE,CINELINE
2739,PRSMJOHNSN-EQ,PRSMJOHNSN,NSE,PRSMJOHNSN
277,GICRE-EQ,GICRE,NSE,GICRE
27839,SAILIFE-EQ,SAILIFE,NSE,SAILIFE
28125,IKS-EQ,IKS,NSE,IKS
2844,RANEHOLDIN-EQ,RANEHOLDIN,NSE,RANEHOLDIN
28314,ANUHPHR-EQ,ANUHPHR,NSE,ANUHPHR
28859,PROZONER-EQ,PROZONER,NSE,PROZONER
29135,INDUSTOWER-EQ,INDUSTOWER,NSE,INDUSTOWER
2969,SAKHTISUG-EQ,SAKHTISUG,NSE,SAKHTISUG
2987,NAZARA-EQ,NAZARA,NSE,NAZARA
29872,GROWWN200-EQ,GROWWN200,NSE,GROWWN200
3002,WONDERLA-EQ,WONDERLA,NSE,WONDERLA
3018,SAURASHCEM-EQ,SAURASHCEM,NSE,SAURASHCEM
3022,SDL26BEES-EQ,SDL26BEES,NSE,SDL26BEES
3024,JINDALSAW-EQ,JINDALSAW,NSE,JINDALSAW
30392,NIF100IETF-EQ,NIF100IETF,NSE,NIF100IETF
30469,MID150-EQ,MID150,NSE,MID150
3078,SHANTIGEAR-EQ,SHANTIGEAR,NSE,SHANTIGEAR
3099,SHREDIGCEM-EQ,SHREDIGCEM,NSE,SHREDIGCEM
3127,UFBL-EQ,UFBL,NSE,UFBL
3172,GILT5YBEES-EQ,GILT5YBEES,NSE,GILT5YBEES
3252,SPIC-EQ,SPIC,NSE,SPIC
3291,STARPAPER-EQ,STARPAPER,NSE,STARPAPER
3357,SUPERSPIN-EQ,SUPERSPIN,NSE,SUPERSPIN
3387,SMLMAH-EQ,SMLMAH,NSE,SMLMAH
3456,TMPV-EQ,TMPV,NSE,TMPV
3475,THERMAX-EQ,THERMAX,NSE,THERMAX
3481,THOMASCOOK-EQ,THOMASCOOK,NSE,THOMASCOOK
3579,UNICHEMLAB-EQ,UNICHEMLAB,NSE,UNICHEMLAB
3721,TATACOMM-EQ,TATACOMM,NSE,TATACOMM
3736,WALCHANNAG-EQ,WALCHANNAG,NSE,WALCHANNAG
385,MAHLOG-EQ,MAHLOG,NSE,MAHLOG
399,NIACL-EQ,NIACL,NSE,NIACL
3799,WSTCSTPAPR-EQ,WSTCSTPAPR,NSE,WSTCSTPAPR
4040,EIMCOELECO-EQ,EIMCOELECO,NSE,EIMCOELECO
4064,CUBEXTUB-EQ,CUBEXTUB,NSE,CUBEXTUB
4235,WENDT-EQ,WENDT,NSE,WENDT
4344,PUNJABCHEM-EQ,PUNJABCHEM,NSE,PUNJABCHEM
425,KHADIM-EQ,KHADIM,NSE,KHADIM
436,IFGLEXPOR-EQ,IFGLEXPOR,NSE,IFGLEXPOR
48,HAPPSTMNDS-EQ,HAPPSTMNDS,NSE,HAPPSTMNDS
4745,BANKINDIA-EQ,BANKINDIA,NSE,BANKINDIA
4749,CONCOR-EQ,CONCOR,NSE,CONCOR
5108,KPIGREEN-EQ,KPIGREEN,NSE,KPIGREEN
5245,AAREYDRUGS-EQ,AAREYDRUGS,NSE,AAREYDRUGS
5528,KOTHARIPRO-EQ,KOTHARIPRO,NSE,KOTHARIPRO
5606,INTLCONV-EQ,INTLCONV,NSE,INTLCONV
583,CANFINHOME-EQ,CANFINHOME,NSE,CANFINHOME
592,GRAPHITE-EQ,GRAPHITE,NSE,GRAPHITE
6462,TECH-EQ,TECH,NSE,TECH
676,EXIDEIND-EQ,EXIDEIND,NSE,EXIDEIND
6782,NIPPOBATRY-EQ,NIPPOBATRY,NSE,NIPPOBATRY
6858,DHRUV-EQ,DHRUV,NSE,DHRUV
7109,JMA-EQ,JMA,NSE,JMA
7325,DCMSRIND-EQ,DCMSRIND,NSE,DCMSRIND
7353,SETFNN50-EQ,SETFNN50,NSE,SETFNN50
756324,NPST-EQ,NPST,NSE,NPST
756827,GROWWSLVR-EQ,GROWWSLVR,NSE,GROWWSLVR
757099,MOMGF-EQ,MOMGF,NSE,MOMGF
757431,MOPSE-EQ,MOPSE,NSE,MOPSE
757478,SCODATUBES-EQ,SCODATUBES,NSE,SCODATUBES
757814,GROWWNET-EQ,GROWWNET,NSE,GROWWNET
757834,RMDRIP-EQ,RMDRIP,NSE,RMDRIP
757817,MOMIDMTM-EQ,MOMIDMTM,NSE,MOMIDMTM
757862,EBGNG-EQ,EBGNG,NSE,EBGNG
758165,GROWWPOWER-EQ,GROWWPOWER,NSE,GROWWPOWER
758675,EFCIL-EQ,EFCIL,NSE,EFCIL
758853,SGFIN-EQ,SGFIN,NSE,SGFIN
759012,GANESHCP-EQ,GANESHCP,NSE,GANESHCP
759057,SAATVIKGL-EQ,SAATVIKGL,NSE,SAATVIKGL
759302,NIFTYCASE-EQ,NIFTYCASE,NSE,NIFTYCASE
759752,MODIS-EQ,MODIS,NSE,MODIS
759951,JARO-EQ,JARO,NSE,JARO
760,CGPOWER-EQ,CGPOWER,NSE,CGPOWER
760051,GROWWCAPM-EQ,GROWWCAPM,NSE,GROWWCAPM
760101,SKFINDUS-EQ,SKFINDUS,NSE,SKFINDUS
760116,GLOTTIS-EQ,GLOTTIS,NSE,GLOTTIS
760325,GOLDBND-EQ,GOLDBND,NSE,GOLDBND
760657,ADVAIT-EQ,ADVAIT,NSE,ADVAIT
760673,GROWWCHEM-EQ,GROWWCHEM,NSE,GROWWCHEM
760865,OMNI-EQ,OMNI,NSE,OMNI
760961,FRACTAL-EQ,FRACTAL,NSE,FRACTAL
761335,KOTYARK-EQ,KOTYARK,NSE,KOTYARK
761148,VITAL-EQ,VITAL,NSE,VITAL
761386,MARSONS-EQ,MARSONS,NSE,MARSONS
781,DALMIASUG-EQ,DALMIASUG,NSE,DALMIASUG
7780,BCONCEPTS-EQ,BCONCEPTS,NSE,BCONCEPTS
7886,MHLXMIRU-EQ,MHLXMIRU,NSE,MHLXMIRU
7942,SILVERIETF-EQ,SILVERIETF,NSE,SILVERIETF
8024,CINEVISTA-EQ,CINEVISTA,NSE,CINEVISTA
8163,SPENCERS-EQ,SPENCERS,NSE,SPENCERS
8182,MOMOMENTUM-EQ,MOMOMENTUM,NSE,MOMOMENTUM
8510,GATEWAY-EQ,GATEWAY,NSE,GATEWAY
8687,MUKTAARTS-EQ,MUKTAARTS,NSE,MUKTAARTS
24715,AKUMS-EQ,AKUMS,NSE,AKUMS
24735,RPEL-EQ,RPEL,NSE,RPEL
24742,CEIGALL-EQ,CEIGALL,NSE,CEIGALL
24823,MANCREDIT-EQ,MANCREDIT,NSE,MANCREDIT
24851,SUYOG-EQ,SUYOG,NSE,SUYOG
25080,MULTICAP-EQ,MULTICAP,NSE,MULTICAP
25162,EUREKAFORB-EQ,EUREKAFORB,NSE,EUREKAFORB
25252,KROSS-EQ,KROSS,NSE,KROSS
25262,TOLINS-EQ,TOLINS,NSE,TOLINS
25398,ARKADE-EQ,ARKADE,NSE,ARKADE
25492,ONELIFECAP-EQ,ONELIFECAP,NSE,ONELIFECAP
25608,INDOTHAI-EQ,INDOTHAI,NSE,INDOTHAI
25626,UYFINCORP-EQ,UYFINCORP,NSE,UYFINCORP
25672,DIFFNKG-EQ,DIFFNKG,NSE,DIFFNKG
25758,GROWWDEFNC-EQ,GROWWDEFNC,NSE,GROWWDEFNC
25786,KANANIIND-EQ,KANANIIND,NSE,KANANIIND
25844,HYUNDAI-EQ,HYUNDAI,NSE,HYUNDAI
2598,AMJLAND-EQ,AMJLAND,NSE,AMJLAND
2606,LEMONTREE-EQ,LEMONTREE,NSE,LEMONTREE
2649,PCBL-EQ,PCBL,NSE,PCBL
2709,MTARTECH-EQ,MTARTECH,NSE,MTARTECH
27075,LIQUIDPLUS-EQ,LIQUIDPLUS,NSE,LIQUIDPLUS
2837,RANASUG-EQ,RANASUG,NSE,RANASUG
2841,LXCHEM-EQ,LXCHEM,NSE,LXCHEM
2854,CRAFTSMAN-EQ,CRAFTSMAN,NSE,CRAFTSMAN
28378,IGIL-EQ,IGIL,NSE,IGIL
28899,KITEX-EQ,KITEX,NSE,KITEX
29098,DDEVPLSTIK-EQ,DDEVPLSTIK,NSE,DDEVPLSTIK
29256,DENTA-EQ,DENTA,NSE,DENTA
29284,VMART-EQ,VMART,NSE,VMART
29624,AJAXENGG-EQ,AJAXENGG,NSE,AJAXENGG
29907,GRN200INAV-EQ,GRN200INAV,NSE,GRN200INAV
3001,BSE500IETF-EQ,BSE500IETF,NSE,BSE500IETF
3010,AXISTECETF-EQ,AXISTECETF,NSE,AXISTECETF
30125,SAMMAANCAP-EQ,SAMMAANCAP,NSE,SAMMAANCAP
30323,ESSENTIA-EQ,ESSENTIA,NSE,ESSENTIA
30519,SNXT30INAV-EQ,SNXT30INAV,NSE,SNXT30INAV
30573,SMALL2INAV-EQ,SMALL2INAV,NSE,SMALL2INAV
30574,GRW150INAV-EQ,GRW150INAV,NSE,GRW150INAV
31017,THOMASCOTT-EQ,THOMASCOTT,NSE,THOMASCOTT
34,ADOR-EQ,ADOR,NSE,ADOR
338,BALMLAWRIE-EQ,BALMLAWRIE,NSE,BALMLAWRIE
3316,MODISONLTD-EQ,MODISONLTD,NSE,MODISONLTD
3411,TATAELXSI-EQ,TATAELXSI,NSE,TATAELXSI
3435,BBOX-EQ,BBOX,NSE,BBOX
3694,VINDHYATEL-EQ,VINDHYATEL,NSE,VINDHYATEL
3744,FINEORG-EQ,FINEORG,NSE,FINEORG
3812,ZEEL-EQ,ZEEL,NSE,ZEEL
3813,ARIHANTCAP-EQ,ARIHANTCAP,NSE,ARIHANTCAP
393,GLOBE-EQ,GLOBE,NSE,GLOBE
3834,BHARATRAS-EQ,BHARATRAS,NSE,BHARATRAS
4127,SAMBHAAV-EQ,SAMBHAAV,NSE,SAMBHAAV
4179,SUNDRMBRAK-EQ,SUNDRMBRAK,NSE,SUNDRMBRAK
4421,CREDITACC-EQ,CREDITACC,NSE,CREDITACC
4747,INDNIPPON-EQ,INDNIPPON,NSE,INDNIPPON
4566,RUCHINFRA-EQ,RUCHINFRA,NSE,RUCHINFRA
4843,SNOWMAN-EQ,SNOWMAN,NSE,SNOWMAN
4847,KIMS-EQ,KIMS,NSE,KIMS
4907,ENGINERSIN-EQ,ENGINERSIN,NSE,ENGINERSIN
5020,SVPGLOB-EQ,SVPGLOB,NSE,SVPGLOB
509,MAZDOCK-EQ,MAZDOCK,NSE,MAZDOCK
5097,ETERNAL-EQ,ETERNAL,NSE,ETERNAL
530,BPL-EQ,BPL,NSE,BPL
5162,TATVA-EQ,TATVA,NSE,TATVA
5313,UGROCAP-EQ,UGROCAP,NSE,UGROCAP
5516,JAIPURKURT-EQ,JAIPURKURT,NSE,JAIPURKURT
5622,CEMPRO-EQ,CEMPRO,NSE,CEMPRO
5948,SOUTHBANK-EQ,SOUTHBANK,NSE,SOUTHBANK
6040,EIFFL-EQ,EIFFL,NSE,EIFFL
6045,PASUPTAC-EQ,PASUPTAC,NSE,PASUPTAC
6051,CYBERTECH-EQ,CYBERTECH,NSE,CYBERTECH
6156,ARTNIRMAN-EQ,ARTNIRMAN,NSE,ARTNIRMAN
619,CENTENKA-EQ,CENTENKA,NSE,CENTENKA
6286,GULPOLY-EQ,GULPOLY,NSE,GULPOLY
634,IGARASHI-EQ,IGARASHI,NSE,IGARASHI
641,DNAMEDIA-EQ,DNAMEDIA,NSE,DNAMEDIA
6422,MANORG-EQ,MANORG,NSE,MANORG
6579,FINOPB-EQ,FINOPB,NSE,FINOPB
6656,POLICYBZR-EQ,POLICYBZR,NSE,POLICYBZR
6673,FOODSIN-EQ,FOODSIN,NSE,FOODSIN
6818,LATENTVIEW-EQ,LATENTVIEW,NSE,LATENTVIEW
6843,SMLT-EQ,SMLT,NSE,SMLT
7,AARTIIND-EQ,AARTIIND,NSE,AARTIIND
7016,SHIVALIK-EQ,SHIVALIK,NSE,SHIVALIK
708,SHRADHA-EQ,SHRADHA,NSE,SHRADHA
7083,STARHEALTH-EQ,STARHEALTH,NSE,STARHEALTH
7105,TEGA-EQ,TEGA,NSE,TEGA
7129,ZODIAC-EQ,ZODIAC,NSE,ZODIAC
7211,JETFREIGHT-EQ,JETFREIGHT,NSE,JETFREIGHT
7254,MEDPLUS-EQ,MEDPLUS,NSE,MEDPLUS
757989,CHEMBONDCH-EQ,CHEMBONDCH,NSE,CHEMBONDCH
758145,LOTUSDEV-EQ,LOTUSDEV,NSE,LOTUSDEV
758173,PROSTARM-EQ,PROSTARM,NSE,PROSTARM
758551,RAYMONDREL-EQ,RAYMONDREL,NSE,RAYMONDREL
758941,CPEDU-EQ,CPEDU,NSE,CPEDU
758952,ELM250-EQ,ELM250,NSE,ELM250
759093,SHRINGARMS-EQ,SHRINGARMS,NSE,SHRINGARMS
759311,CRAMC-EQ,CRAMC,NSE,CRAMC
759411,OMFREIGHT-EQ,OMFREIGHT,NSE,OMFREIGHT
759797,EUROPRATIK-EQ,EUROPRATIK,NSE,EUROPRATIK
759806,GROWW-EQ,GROWW,NSE,GROWW
759998,ENIFTY-EQ,ENIFTY,NSE,ENIFTY
760183,CLEANMAX-EQ,CLEANMAX,NSE,CLEANMAX
760359,SMALLADD-EQ,SMALLADD,NSE,SMALLADD
760412,DIVIDEND-EQ,DIVIDEND,NSE,DIVIDEND
760482,TWCGOLDETF-EQ,TWCGOLDETF,NSE,TWCGOLDETF
760594,BUILDPRO-EQ,BUILDPRO,NSE,BUILDPRO
760709,NEXT50ETF-EQ,NEXT50ETF,NSE,NEXT50ETF
761025,GICL-EQ,GICL,NSE,GICL
761364,BANK10ADD-EQ,BANK10ADD,NSE,BANK10ADD
761821,AARNAV-EQ,AARNAV,NSE,AARNAV
772,DABUR-EQ,DABUR,NSE,DABUR
7851,RAMCOSYS-EQ,RAMCOSYS,NSE,RAMCOSYS
7979,MAKEINDIA-EQ,MAKEINDIA,NSE,MAKEINDIA
8083,CROWN-EQ,CROWN,NSE,CROWN
8311,BLUESTARCO-EQ,BLUESTARCO,NSE,BLUESTARCO
8413,MIDCAPETF-EQ,MIDCAPETF,NSE,MIDCAPETF
8632,LOWVOL1-EQ,LOWVOL1,NSE,LOWVOL1
8529,GMRP&UI-EQ,GMRP&UI,NSE,GMRP&UI
8591,AKSHOPTFBR-EQ,AKSHOPTFBR,NSE,AKSHOPTFBR
8614,INDOBORAX-EQ,INDOBORAX,NSE,INDOBORAX
8654,MOLOWVOL-EQ,MOLOWVOL,NSE,MOLOWVOL
8806,SONAMLTD-EQ,SONAMLTD,NSE,SONAMLTD
9111,ARVINDFASN-EQ,ARVINDFASN,NSE,ARVINDFASN
919,EIHOTEL-EQ,EIHOTEL,NSE,EIHOTEL
936,DPABHUSHAN-EQ,DPABHUSHAN,NSE,DPABHUSHAN
937,ELGIEQUIP-EQ,ELGIEQUIP,NSE,ELGIEQUIP
9356,MSTCLTD-EQ,MSTCLTD,NSE,MSTCLTD
9819,HAVELLS-EQ,HAVELLS,NSE,HAVELLS
8727,SHAILY-EQ,SHAILY,NSE,SHAILY
881,DRREDDY-EQ,DRREDDY,NSE,DRREDDY
8827,AVROIND-EQ,AVROIND,NSE,AVROIND
8842,UMAEXPORTS-EQ,UMAEXPORTS,NSE,UMAEXPORTS
8866,CHOICEIN-EQ,CHOICEIN,NSE,CHOICEIN
896,KHAICHEM-EQ,KHAICHEM,NSE,KHAICHEM
913,EQUITASBNK-EQ,EQUITASBNK,NSE,EQUITASBNK
9116,INDOAMIN-EQ,INDOAMIN,NSE,INDOAMIN
9288,KRITIKA-EQ,KRITIKA,NSE,KRITIKA
9348,IOB-EQ,IOB,NSE,IOB
9558,AKSHAR-EQ,AKSHAR,NSE,AKSHAR
9867,NEXTMEDIA-EQ,NEXTMEDIA,NSE,NEXTMEDIA
9889,SMARTLINK-EQ,SMARTLINK,NSE,SMARTLINK
9897,AIRAN-EQ,AIRAN,NSE,AIRAN
8882,TNIDETF-EQ,TNIDETF,NSE,TNIDETF
9046,AGROPHOS-EQ,AGROPHOS,NSE,AGROPHOS
926,ORCHPHARMA-EQ,ORCHPHARMA,NSE,ORCHPHARMA
9253,NILAINFRA-EQ,NILAINFRA,NSE,NILAINFRA
940,PGHL-EQ,PGHL,NSE,PGHL
9385,PNCINFRA-EQ,PNCINFRA,NSE,PNCINFRA
9384,CREATIVEYE-EQ,CREATIVEYE,NSE,CREATIVEYE
9552,RVNL-EQ,RVNL,NSE,RVNL
9553,PRUDENT-EQ,PRUDENT,NSE,PRUDENT
9581,METROPOLIS-EQ,METROPOLIS,NSE,METROPOLIS
9590,POLYCAB-EQ,POLYCAB,NSE,POLYCAB
9667,MEDICO-EQ,MEDICO,NSE,MEDICO
9685,TRIDENT-EQ,TRIDENT,NSE,TRIDENT
9810,AETHER-EQ,AETHER,NSE,AETHER
8797,OBCL-EQ,OBCL,NSE,OBCL
910,EICHERMOT-EQ,EICHERMOT,NSE,EICHERMOT
9014,ANUP-EQ,ANUP,NSE,ANUP
9158,BALAJITELE-EQ,BALAJITELE,NSE,BALAJITELE
9309,STLTECH-EQ,STLTECH,NSE,STLTECH
9592,VENUSPIPES-EQ,VENUSPIPES,NSE,VENUSPIPES
9617,SPLPETRO-EQ,SPLPETRO,NSE,SPLPETRO
9741,PARADEEP-EQ,PARADEEP,NSE,PARADEEP
9917,NEOGEN-EQ,NEOGEN,NSE,NEOGEN
9939,ONEPOINT-EQ,ONEPOINT,NSE,ONEPOINT
10048,ICICI5INAV-EQ,ICICI5INAV,NSE,ICICI5INAV
1023,FEDERALBNK-EQ,FEDERALBNK,NSE,FEDERALBNK
10181,BALKRISHNA-EQ,BALKRISHNA,NSE,BALKRISHNA
10276,KAYA-EQ,KAYA,NSE,KAYA
10440,LUPIN-EQ,LUPIN,NSE,LUPIN
10447,UNITDSPR-EQ,UNITDSPR,NSE,UNITDSPR
10473,POWERMECH-EQ,POWERMECH,NSE,POWERMECH
10557,NAVKARCORP-EQ,NAVKARCORP,NSE,NAVKARCORP
10578,MPSLTD-EQ,MPSLTD,NSE,MPSLTD
1073,FOSECOIND-EQ,FOSECOIND,NSE,FOSECOIND
10793,SYRMA-EQ,SYRMA,NSE,SYRMA
10825,MOVALUE-EQ,MOVALUE,NSE,MOVALUE
10786,NOIDATOLL-EQ,NOIDATOLL,NSE,NOIDATOLL
1085,GABRIEL-EQ,GABRIEL,NSE,GABRIEL
10865,GVPTECH-EQ,GVPTECH,NSE,GVPTECH
11006,LIQUIDBEES-EQ,LIQUIDBEES,NSE,LIQUIDBEES
11039,DCMNVL-EQ,DCMNVL,NSE,DCMNVL
11060,KSOLVES-EQ,KSOLVES,NSE,KSOLVES
11155,CNL-EQ,CNL,NSE,CNL
11220,VARDHACRLC-EQ,VARDHACRLC,NSE,VARDHACRLC
11253,WELSPUNLIV-EQ,WELSPUNLIV,NSE,WELSPUNLIV
10028,ICICI2INAV-EQ,ICICI2INAV,NSE,ICICI2INAV
10155,SETF10INAV-EQ,SETF10INAV,NSE,SETF10INAV
10227,MANORAMA-EQ,MANORAMA,NSE,MANORAMA
10277,NGLFINE-EQ,NGLFINE,NSE,NGLFINE
10343,RADHIKAJWE-EQ,RADHIKAJWE,NSE,RADHIKAJWE
10577,KRBL-EQ,KRBL,NSE,KRBL
10580,TCI-EQ,TCI,NSE,TCI
10619,HDFCNEXT50-EQ,HDFCNEXT50,NSE,HDFCNEXT50
10690,NIFTYQLITY-EQ,NIFTYQLITY,NSE,NIFTYQLITY
10723,INFRAIETF-EQ,INFRAIETF,NSE,INFRAIETF
10733,SPORTKING-EQ,SPORTKING,NSE,SPORTKING
1076,ZENSARTECH-EQ,ZENSARTECH,NSE,ZENSARTECH
10768,OAL-EQ,OAL,NSE,OAL
11065,NATHBIOGEN-EQ,NATHBIOGEN,NSE,NATHBIOGEN
10993,INDORAMA-EQ,INDORAMA,NSE,INDORAMA
11193,AXISILVER-EQ,AXISILVER,NSE,AXISILVER
11212,SHK-EQ,SHK,NSE,SHK
1127,GHCL-EQ,GHCL,NSE,GHCL
11226,BAGFILMS-EQ,BAGFILMS,NSE,BAGFILMS
10134,MID150INAV-EQ,MID150INAV,NSE,MID150INAV
1044,AXISBNKETF-EQ,AXISBNKETF,NSE,AXISBNKETF
10568,RAMAPHO-EQ,RAMAPHO,NSE,RAMAPHO
10676,MNC-EQ,MNC,NSE,MNC
10876,HDFCSILVER-EQ,HDFCSILVER,NSE,HDFCSILVER
10999,MARUTI-EQ,MARUTI,NSE,MARUTI
11233,SUVEN-EQ,SUVEN,NSE,SUVEN
11399,SALZERELEC-EQ,SALZERELEC,NSE,SALZERELEC
1011,SCHAEFFLER-EQ,SCHAEFFLER,NSE,SCHAEFFLER
10074,EMAMIPAP-EQ,EMAMIPAP,NSE,EMAMIPAP
10176,SETFNIF50-EQ,SETFNIF50,NSE,SETFNIF50
1038,FINCABLES-EQ,FINCABLES,NSE,FINCABLES
10310,AURUM-EQ,AURUM,NSE,AURUM
10453,SATIN-EQ,SATIN,NSE,SATIN
10511,NIFTYBETA-EQ,NIFTYBETA,NSE,NIFTYBETA
10515,SENSEXBETA-EQ,SENSEXBETA,NSE,SENSEXBETA
10588,SHREEPUSHK-EQ,SHREEPUSHK,NSE,SHREEPUSHK
10599,GUJGASLTD-EQ,GUJGASLTD,NSE,GUJGASLTD
10822,MOQUALITY-EQ,MOQUALITY,NSE,MOQUALITY
10893,DBOL-EQ,DBOL,NSE,DBOL
10905,GENESYS-EQ,GENESYS,NSE,GENESYS
11037,BANKIETF-EQ,BANKIETF,NSE,BANKIETF
11045,SATIA-EQ,SATIA,NSE,SATIA
11256,JAIBALAJI-EQ,JAIBALAJI,NSE,JAIBALAJI
11271,DREDGECORP-EQ,DREDGECORP,NSE,DREDGECORP
1134,APOLLO-EQ,APOLLO,NSE,APOLLO
11297,SIL-EQ,SIL,NSE,SIL
11374,TIPSFILMS-EQ,TIPSFILMS,NSE,TIPSFILMS
11377,MAHABANK-EQ,MAHABANK,NSE,MAHABANK
100,ARE&M-EQ,ARE&M,NSE,ARE&M
10004,DSPN50INAV-EQ,DSPN50INAV,NSE,DSPN50INAV
10243,SYNGENE-EQ,SYNGENE,NSE,SYNGENE
10346,DGCONTENT-EQ,DGCONTENT,NSE,DGCONTENT
10417,DYCL-EQ,DYCL,NSE,DYCL
10583,HDF100INAV-EQ,HDF100INAV,NSE,HDF100INAV
10637,OLECTRA-EQ,OLECTRA,NSE,OLECTRA
10666,PNB-EQ,PNB,NSE,PNB
10717,TEAMGTY-EQ,TEAMGTY,NSE,TEAMGTY
10755,APTECHT-EQ,APTECHT,NSE,APTECHT
10794,CANBK-EQ,CANBK,NSE,CANBK
10922,OMAXAUTO-EQ,OMAXAUTO,NSE,OMAXAUTO
11050,SIRCA-EQ,SIRCA,NSE,SIRCA
11058,SECURKLOUD-EQ,SECURKLOUD,NSE,SECURKLOUD
11072,AGRITECH-EQ,AGRITECH,NSE,AGRITECH
11082,LIBAS-EQ,LIBAS,NSE,LIBAS
11236,JSL-EQ,JSL,NSE,JSL
11293,UNIENTER-EQ,UNIENTER,NSE,UNIENTER
11351,PETRONET-EQ,PETRONET,NSE,PETRONET
11369,TTKHLTCARE-EQ,TTKHLTCARE,NSE,TTKHLTCARE
11386,PVTBANIETF-EQ,PVTBANIETF,NSE,PVTBANIETF
1129,GTECJAINX-EQ,GTECJAINX,NSE,GTECJAINX
11301,LUXIND-EQ,LUXIND,NSE,LUXIND
11423,DATAMATICS-EQ,DATAMATICS,NSE,DATAMATICS
11355,PTC-EQ,PTC,NSE,PTC
11373,BIOCON-EQ,BIOCON,NSE,BIOCON
11411,RKFORGE-EQ,RKFORGE,NSE,RKFORGE
11435,SPANDANA-EQ,SPANDANA,NSE,SPANDANA
11471,EXCELINDUS-EQ,EXCELINDUS,NSE,EXCELINDUS
11483,LT-EQ,LT,NSE,LT
11496,AMBICAAGAR-EQ,AMBICAAGAR,NSE,AMBICAAGAR
11549,TEXINFRA-EQ,TEXINFRA,NSE,TEXINFRA
11654,LALPATHLAB-EQ,LALPATHLAB,NSE,LALPATHLAB
1168,GMBREW-EQ,GMBREW,NSE,GMBREW
11689,SUPRAJIT-EQ,SUPRAJIT,NSE,SUPRAJIT
11840,NH-EQ,NH,NSE,NH
1200,ESG-EQ,ESG,NSE,ESG
1204,PRAXIS-EQ,PRAXIS,NSE,PRAXIS
12809,HYBRIDFIN-EQ,HYBRIDFIN,NSE,HYBRIDFIN
12841,11NSETEST-EQ,11NSETEST,NSE,11NSETEST
13057,UNIPARTS-EQ,UNIPARTS,NSE,UNIPARTS
13072,IIFLCAPS-EQ,IIFLCAPS,NSE,IIFLCAPS
13086,AIAENG-EQ,AIAENG,NSE,AIAENG
13162,CELEBRITY-EQ,CELEBRITY,NSE,CELEBRITY
13288,AFSL-EQ,AFSL,NSE,AFSL
13409,GPIL-EQ,GPIL,NSE,GPIL
13414,RSYSTEMS-EQ,RSYSTEMS,NSE,RSYSTEMS
13421,EMKAY-EQ,EMKAY,NSE,EMKAY
13423,ELIN-EQ,ELIN,NSE,ELIN
13511,MUNJALAU-EQ,MUNJALAU,NSE,MUNJALAU
136,ANDHRSUGAR-EQ,ANDHRSUGAR,NSE,ANDHRSUGAR
13720,JHS-EQ,JHS,NSE,JHS
13756,SHIVAMAUTO-EQ,SHIVAMAUTO,NSE,SHIVAMAUTO
13875,JINDRILL-EQ,JINDRILL,NSE,JINDRILL
14111,NETWORK18-EQ,NETWORK18,NSE,NETWORK18
14116,GANDHITUBE-EQ,GANDHITUBE,NSE,GANDHITUBE
1415,GLOBAL-EQ,GLOBAL,NSE,GLOBAL
14296,VIYASH-EQ,VIYASH,NSE,VIYASH
14305,OSWALSEEDS-EQ,OSWALSEEDS,NSE,OSWALSEEDS
14435,JKTYRE-EQ,JKTYRE,NSE,JKTYRE
14479,DIVGIITTS-EQ,DIVGIITTS,NSE,DIVGIITTS
14490,NCLIND-EQ,NCLIND,NSE,NCLIND
14501,BALAMINES-EQ,BALAMINES,NSE,BALAMINES
14547,NDLVENTURE-EQ,NDLVENTURE,NSE,NDLVENTURE
14584,PSUBNKIETF-EQ,PSUBNKIETF,NSE,PSUBNKIETF
14627,HILTON-EQ,HILTON,NSE,HILTON
1465,ACCURACY-EQ,ACCURACY,NSE,ACCURACY
1482,IFBAGRO-EQ,IFBAGRO,NSE,IFBAGRO
14712,HGS-EQ,HGS,NSE,HGS
14777,121NSETEST-EQ,121NSETEST,NSE,121NSETEST
14912,KPRMILL-EQ,KPRMILL,NSE,KPRMILL
14952,INDOWIND-EQ,INDOWIND,NSE,INDOWIND
15073,BVCL-EQ,BVCL,NSE,BVCL
1521,INDIAGLYCO-EQ,INDIAGLYCO,NSE,INDIAGLYCO
15141,COLPAL-EQ,COLPAL,NSE,COLPAL
15184,BRIGADE-EQ,BRIGADE,NSE,BRIGADE
15228,UJJIVANSFB-EQ,UJJIVANSFB,NSE,UJJIVANSFB
15234,AMBIKCO-EQ,AMBIKCO,NSE,AMBIKCO
15283,KNRCON-EQ,KNRCON,NSE,KNRCON
1581,TARC-EQ,TARC,NSE,TARC
15649,ATALREAL-EQ,ATALREAL,NSE,ATALREAL
16639,KIRIINDUS-EQ,KIRIINDUS,NSE,KIRIINDUS
16658,SIGMA-EQ,SIGMA,NSE,SIGMA
16669,BAJAJ-AUTO-EQ,BAJAJ-AUTO,NSE,BAJAJ-AUTO
16719,ALMONDZ-EQ,ALMONDZ,NSE,ALMONDZ
17032,THYROCARE-EQ,THYROCARE,NSE,THYROCARE
17140,IDEAFORGE-EQ,IDEAFORGE,NSE,IDEAFORGE
17145,AARTECH-EQ,AARTECH,NSE,AARTECH
17279,BLS-EQ,BLS,NSE,BLS
17357,GKWLIMITED-EQ,GKWLIMITED,NSE,GKWLIMITED
17364,VINATIORGA-EQ,VINATIORGA,NSE,VINATIORGA
17534,MGL-EQ,MGL,NSE,MGL
17625,MOLDTECH-EQ,MOLDTECH,NSE,MOLDTECH
17758,SARDAEN-EQ,SARDAEN,NSE,SARDAEN
17764,REFEX-EQ,REFEX,NSE,REFEX
17778,ATL-EQ,ATL,NSE,ATL
17818,LTM-EQ,LTM,NSE,LTM
17881,DBCORP-EQ,DBCORP,NSE,DBCORP
17922,GEEKAYWIRE-EQ,GEEKAYWIRE,NSE,GEEKAYWIRE
17933,BEARDSELL-EQ,BEARDSELL,NSE,BEARDSELL
17939,HINDCOPPER-EQ,HINDCOPPER,NSE,HINDCOPPER
18026,SBFC-EQ,SBFC,NSE,SBFC
1811,KAKATCEM-EQ,KAKATCEM,NSE,KAKATCEM
18102,NIFTY1-EQ,NIFTY1,NSE,NIFTY1
18142,EMMBI-EQ,EMMBI,NSE,EMMBI
1838,KARURVYSYA-EQ,KARURVYSYA,NSE,KARURVYSYA
18417,RISHABH-EQ,RISHABH,NSE,RISHABH
18581,KIRLOSBROS-EQ,KIRLOSBROS,NSE,KIRLOSBROS
18593,EMSLIMITED-EQ,EMSLIMITED,NSE,EMSLIMITED
18614,SAMHI-EQ,SAMHI,NSE,SAMHI
18679,HPL-EQ,HPL,NSE,HPL
18827,TARAPUR-EQ,TARAPUR,NSE,TARAPUR
19025,KIRLOSIND-EQ,KIRLOSIND,NSE,KIRLOSIND
19224,SENSEXETF-EQ,SENSEXETF,NSE,SENSEXETF
193,ARVIND-EQ,ARVIND,NSE,ARVIND
1923,WEALTH-EQ,WEALTH,NSE,WEALTH
19322,HISARMETAL-EQ,HISARMETAL,NSE,HISARMETAL
19556,BHANDARI-EQ,BHANDARI,NSE,BHANDARI
19646,MAXESTATES-EQ,MAXESTATES,NSE,MAXESTATES
19761,ADFFOODS-EQ,ADFFOODS,NSE,ADFFOODS
19933,EGOLD-EQ,EGOLD,NSE,EGOLD
1994,LIBERTSHOE-EQ,LIBERTSHOE,NSE,LIBERTSHOE
2004,AHLADA-EQ,AHLADA,NSE,AHLADA
20224,JWL-EQ,JWL,NSE,JWL
203,ASHAPURMIN-EQ,ASHAPURMIN,NSE,ASHAPURMIN
20242,OBEROIRLTY-EQ,OBEROIRLTY,NSE,OBEROIRLTY
20296,SHAH-EQ,SHAH,NSE,SHAH
20302,PRESTIGE-EQ,PRESTIGE,NSE,PRESTIGE
20329,CGCL-EQ,CGCL,NSE,CGCL
20425,NACLIND-EQ,NACLIND,NSE,NACLIND
2043,RAMCOCEM-EQ,RAMCOCEM,NSE,RAMCOCEM
20481,WIPL-EQ,WIPL,NSE,WIPL
20531,BAJEL-EQ,BAJEL,NSE,BAJEL
20551,DOMS-EQ,DOMS,NSE,DOMS
20556,INDIASHLTR-EQ,INDIASHLTR,NSE,INDIASHLTR
20560,DOLLAR-EQ,DOLLAR,NSE,DOLLAR
20822,SURAJEST-EQ,SURAJEST,NSE,SURAJEST
20905,AZAD-EQ,AZAD,NSE,AZAD
21334,JYOTICNC-EQ,JYOTICNC,NSE,JYOTICNC
2142,MFSL-EQ,MFSL,NSE,MFSL
21478,NEXT50BETA-EQ,NEXT50BETA,NSE,NEXT50BETA
21683,BRNL-EQ,BRNL,NSE,BRNL
21740,CHOLAHLDNG-EQ,CHOLAHLDNG,NSE,CHOLAHLDNG
21840,DIAMONDYD-EQ,DIAMONDYD,NSE,DIAMONDYD
220,IEX-EQ,IEX,NSE,IEX
22233,DHUNINV-EQ,DHUNINV,NSE,DHUNINV
22377,MAXHEALTH-EQ,MAXHEALTH,NSE,MAXHEALTH
2241,MODTHREAD-EQ,MODTHREAD,NSE,MODTHREAD
22428,MAXIND-EQ,MAXIND,NSE,MAXIND
22595,HDFCPSUBK-EQ,HDFCPSUBK,NSE,HDFCPSUBK
22663,JSFB-EQ,JSFB,NSE,JSFB
22670,RPTECH-EQ,RPTECH,NSE,RPTECH
2320,SMCGLOBAL-EQ,SMCGLOBAL,NSE,SMCGLOBAL
23402,SRM-EQ,SRM,NSE,SRM
23446,171NSETEST-EQ,171NSETEST,NSE,171NSETEST
23650,MUTHOOTFIN-EQ,MUTHOOTFIN,NSE,MUTHOOTFIN
23647,FILATFASH-EQ,FILATFASH,NSE,FILATFASH
23729,AADHARHFC-EQ,AADHARHFC,NSE,AADHARHFC
11359,DHANBANK-EQ,DHANBANK,NSE,DHANBANK
11432,KRITINUT-EQ,KRITINUT,NSE,KRITINUT
11439,BANKBEES-EQ,BANKBEES,NSE,BANKBEES
11441,LICNETFSEN-EQ,LICNETFSEN,NSE,LICNETFSEN
11538,HDFCMOMENT-EQ,HDFCMOMENT,NSE,HDFCMOMENT
11571,PPLPHARMA-EQ,PPLPHARMA,NSE,PPLPHARMA
11606,GUFICBIO-EQ,GUFICBIO,NSE,GUFICBIO
11667,DWARKESH-EQ,DWARKESH,NSE,DWARKESH
11703,ALKEM-EQ,ALKEM,NSE,ALKEM
11705,XCHANGING-EQ,XCHANGING,NSE,XCHANGING
11813,SHOPERSTOP-EQ,SHOPERSTOP,NSE,SHOPERSTOP
11829,SSWL-EQ,SSWL,NSE,SSWL
11842,CYBERMEDIA-EQ,CYBERMEDIA,NSE,CYBERMEDIA
11880,JSWHL-EQ,JSWHL,NSE,JSWHL
11943,MCLEODRUSS-EQ,MCLEODRUSS,NSE,MCLEODRUSS
12024,ACI-EQ,ACI,NSE,ACI
1214,DELTAMAGNT-EQ,DELTAMAGNT,NSE,DELTAMAGNT
12188,INOXGREEN-EQ,INOXGREEN,NSE,INOXGREEN
1315,GALAXYSURF-EQ,GALAXYSURF,NSE,GALAXYSURF
13116,QUICKHEAL-EQ,QUICKHEAL,NSE,QUICKHEAL
13182,ROHLTD-EQ,ROHLTD,NSE,ROHLTD
1333,HDFCBANK-EQ,HDFCBANK,NSE,HDFCBANK
13310,KEI-EQ,KEI,NSE,KEI
1360,HIMATSEIDE-EQ,HIMATSEIDE,NSE,HIMATSEIDE
13580,RADIANTCMS-EQ,RADIANTCMS,NSE,RADIANTCMS
13587,ACE-EQ,ACE,NSE,ACE
1375,HCC-EQ,HCC,NSE,HCC
13859,VENUSREM-EQ,VENUSREM,NSE,VENUSREM
13976,TANLA-EQ,TANLA,NSE,TANLA
1412,AGI-EQ,AGI,NSE,AGI
14106,AUTOIND-EQ,AUTOIND,NSE,AUTOIND
14150,BTML-EQ,BTML,NSE,BTML
14218,CTE-EQ,CTE,NSE,CTE
14230,HDFCBSE500-EQ,HDFCBSE500,NSE,HDFCBSE500
14233,HDFCSML250-EQ,HDFCSML250,NSE,HDFCSML250
14334,HSCL-EQ,HSCL,NSE,HSCL
144,GODREJAGRO-EQ,GODREJAGRO,NSE,GODREJAGRO
14562,ZENITHSTL-EQ,ZENITHSTL,NSE,ZENITHSTL
14745,ADVANIHOTR-EQ,ADVANIHOTR,NSE,ADVANIHOTR
1480,REPL-EQ,REPL,NSE,REPL
14769,091NSETEST-EQ,091NSETEST,NSE,091NSETEST
14781,141NSETEST-EQ,141NSETEST,NSE,141NSETEST
14858,GOLD1-EQ,GOLD1,NSE,GOLD1
15034,BAJAJELEC-EQ,BAJAJELEC,NSE,BAJAJELEC
15049,ENERGYDEV-EQ,ENERGYDEV,NSE,ENERGYDEV
15085,SILVERBETA-EQ,SILVERBETA,NSE,SILVERBETA
15119,EDELWEISS-EQ,EDELWEISS,NSE,EDELWEISS
15180,KIRLPNU-EQ,KIRLPNU,NSE,KIRLPNU
15308,SEPC-EQ,SEPC,NSE,SEPC
16123,BHARATWIRE-EQ,BHARATWIRE,NSE,BHARATWIRE
163,APOLLOTYRE-EQ,APOLLOTYRE,NSE,APOLLOTYRE
16777,SILVERAG-EQ,SILVERAG,NSE,SILVERAG
16913,ARTEMISMED-EQ,ARTEMISMED,NSE,ARTEMISMED
1708,JAYBARMARU-EQ,JAYBARMARU,NSE,JAYBARMARU
17272,SETFGOLD-EQ,SETFGOLD,NSE,SETFGOLD
17295,NAGAFERT-EQ,NAGAFERT,NSE,NAGAFERT
17333,MHRIL-EQ,MHRIL,NSE,MHRIL
17376,LANDSMILL-EQ,LANDSMILL,NSE,LANDSMILL
17395,SETF10GILT-EQ,SETF10GILT,NSE,SETF10GILT
17433,NETWEB-EQ,NETWEB,NSE,NETWEB
17541,DAMODARIND-EQ,DAMODARIND,NSE,DAMODARIND
17547,AMRUTANJAN-EQ,AMRUTANJAN,NSE,AMRUTANJAN
17722,DEN-EQ,DEN,NSE,DEN
17742,BAFNAPH-EQ,BAFNAPH,NSE,BAFNAPH
17957,MMTC-EQ,MMTC,NSE,MMTC
1814,KPIL-EQ,KPIL,NSE,KPIL
18154,HATHWAY-EQ,HATHWAY,NSE,HATHWAY
18341,VPRPL-EQ,VPRPL,NSE,VPRPL
184,TCPLPACK-EQ,TCPLPACK,NSE,TCPLPACK
18423,RATNAVEER-EQ,RATNAVEER,NSE,RATNAVEER
18431,BIGBLOC-EQ,BIGBLOC,NSE,BIGBLOC
18553,JLHL-EQ,JLHL,NSE,JLHL
18652,ICICIPRULI-EQ,ICICIPRULI,NSE,ICICIPRULI
19036,PODDARMENT-EQ,PODDARMENT,NSE,PODDARMENT
19233,AARTISURF-EQ,AARTISURF,NSE,AARTISURF
19248,MON500INAV-EQ,MON500INAV,NSE,MON500INAV
19277,EMAMIREAL-EQ,EMAMIREAL,NSE,EMAMIREAL
19525,IITL-EQ,IITL,NSE,IITL
19585,BSE-EQ,BSE,NSE,BSE
19599,PRAKASHSTL-EQ,PRAKASHSTL,NSE,PRAKASHSTL
19679,GOLDIETF-EQ,GOLDIETF,NSE,GOLDIETF
1979,LMW-EQ,LMW,NSE,LMW
19795,CELLO-EQ,CELLO,NSE,CELLO
19913,DMART-EQ,DMART,NSE,DMART
20071,INTENTECH-EQ,INTENTECH,NSE,INTENTECH
20293,TATATECH-EQ,TATATECH,NSE,TATATECH
20303,GANDHAR-EQ,GANDHAR,NSE,GANDHAR
20372,FLAIR-EQ,FLAIR,NSE,FLAIR
20852,ZEELEARN-EQ,ZEELEARN,NSE,ZEELEARN
21001,PSB-EQ,PSB,NSE,PSB
21077,SURANASOL-EQ,SURANASOL,NSE,SURANASOL
21091,STARCEMENT-EQ,STARCEMENT,NSE,STARCEMENT
2124,MASTEK-EQ,MASTEK,NSE,MASTEK
21392,MAGADSUGAR-EQ,MAGADSUGAR,NSE,MAGADSUGAR
21484,STEL-EQ,STEL,NSE,STEL
21614,ABCAPITAL-EQ,ABCAPITAL,NSE,ABCAPITAL
21726,MATRIMONY-EQ,MATRIMONY,NSE,MATRIMONY
2181,BOSCHLTD-EQ,BOSCHLTD,NSE,BOSCHLTD
21959,NIFTYBETF-EQ,NIFTYBETF,NSE,NIFTYBETF
22433,HDFCNIFBAN-EQ,HDFCNIFBAN,NSE,HDFCNIFBAN
22602,PFS-EQ,PFS,NSE,PFS
22930,PLATIND-EQ,PLATIND,NSE,PLATIND
23043,RKSWAMY-EQ,RKSWAMY,NSE,RKSWAMY
23056,JGCHEM-EQ,JGCHEM,NSE,JGCHEM
23184,MOREALTY-EQ,MOREALTY,NSE,MOREALTY
2385,NAVNETEDUL-EQ,NAVNETEDUL,NSE,NAVNETEDUL
2388,NELCO-EQ,NELCO,NSE,NELCO
2421,NILKAMAL-EQ,NILKAMAL,NSE,NILKAMAL
24217,IVZINNIFTY-EQ,IVZINNIFTY,NSE,IVZINNIFTY
24265,ESTER-EQ,ESTER,NSE,ESTER
24321,VRAJ-EQ,VRAJ,NSE,VRAJ
11581,GULFPETRO-EQ,GULFPETRO,NSE,GULFPETRO
11723,JSWSTEEL-EQ,JSWSTEEL,NSE,JSWSTEEL
11782,EVEREADY-EQ,EVEREADY,NSE,EVEREADY
11804,SUKHJITS-EQ,SUKHJITS,NSE,SUKHJITS
1185,AMBER-EQ,AMBER,NSE,AMBER
1186,GLAND-EQ,GLAND,NSE,GLAND
11809,IIFL-EQ,IIFL,NSE,IIFL
11860,JKPAPER-EQ,JKPAPER,NSE,JKPAPER
11868,63MOONS-EQ,63MOONS,NSE,63MOONS
11872,GRANULES-EQ,GRANULES,NSE,GRANULES
11961,SEMAC-EQ,SEMAC,NSE,SEMAC
11999,FCSSOFT-EQ,FCSSOFT,NSE,FCSSOFT
12018,SUZLON-EQ,SUZLON,NSE,SUZLON
12032,FIVESTAR-EQ,FIVESTAR,NSE,FIVESTAR
12124,DOLATALGO-EQ,DOLATALGO,NSE,DOLATALGO
12153,BBTCL-EQ,BBTCL,NSE,BBTCL
12173,HNDFDS-EQ,HNDFDS,NSE,HNDFDS
12219,RUSTOMJEE-EQ,RUSTOMJEE,NSE,RUSTOMJEE
12847,KRISHANA-EQ,KRISHANA,NSE,KRISHANA
13061,360ONE-EQ,360ONE,NSE,360ONE
13147,PVRINOX-EQ,PVRINOX,NSE,PVRINOX
13342,VAKRANGEE-EQ,VAKRANGEE,NSE,VAKRANGEE
13359,KFINTECH-EQ,KFINTECH,NSE,KFINTECH
13430,KELLTONTEC-EQ,KELLTONTEC,NSE,KELLTONTEC
13441,BALPHARMA-EQ,BALPHARMA,NSE,BALPHARMA
13740,SHYAMTEL-EQ,SHYAMTEL,NSE,SHYAMTEL
13753,MANOMAY-EQ,MANOMAY,NSE,MANOMAY
13821,RUCHIRA-EQ,RUCHIRA,NSE,RUCHIRA
13844,MMFL-EQ,MMFL,NSE,MMFL
13880,BANCOINDIA-EQ,BANCOINDIA,NSE,BANCOINDIA
13900,CREST-EQ,CREST,NSE,CREST
1406,HINDPETRO-EQ,HINDPETRO,NSE,HINDPETRO
14194,NINSYS-EQ,NINSYS,NSE,NINSYS
14203,HUBTOWN-EQ,HUBTOWN,NSE,HUBTOWN
14223,TIIL-EQ,TIIL,NSE,TIIL
14245,TVSSRICHAK-EQ,TVSSRICHAK,NSE,TVSSRICHAK
14260,PGIL-EQ,PGIL,NSE,PGIL
14278,ORIENTBELL-EQ,ORIENTBELL,NSE,ORIENTBELL
14304,FSL-EQ,FSL,NSE,FSL
14309,INDIANB-EQ,INDIANB,NSE,INDIANB
14339,GANESHHOU-EQ,GANESHHOU,NSE,GANESHHOU
14403,RAJTV-EQ,RAJTV,NSE,RAJTV
14440,NAHARSPING-EQ,NAHARSPING,NSE,NAHARSPING
14445,NAHARPOLY-EQ,NAHARPOLY,NSE,NAHARPOLY
14511,BANSWRAS-EQ,BANSWRAS,NSE,BANSWRAS
14602,WEBELSOLAR-EQ,WEBELSOLAR,NSE,WEBELSOLAR
14667,KMSUGAR-EQ,KMSUGAR,NSE,KMSUGAR
14672,NAVINFLUOR-EQ,NAVINFLUOR,NSE,NAVINFLUOR
14747,011NSETEST-EQ,011NSETEST,NSE,011NSETEST
14751,021NSETEST-EQ,021NSETEST,NSE,021NSETEST
14755,041NSETEST-EQ,041NSETEST,NSE,041NSETEST
14772,101NSETEST-EQ,101NSETEST,NSE,101NSETEST
1485,IFBIND-EQ,IFBIND,NSE,IFBIND
14938,GSEC10YEAR-EQ,GSEC10YEAR,NSE,GSEC10YEAR
15058,AVALON-EQ,AVALON,NSE,AVALON
15068,RELIGARE-EQ,RELIGARE,NSE,RELIGARE
15083,ADANIPORTS-EQ,ADANIPORTS,NSE,ADANIPORTS
15229,LICNFNHGP-EQ,LICNFNHGP,NSE,LICNFNHGP
15239,BIRLAMONEY-EQ,BIRLAMONEY,NSE,BIRLAMONEY
15303,BANG-EQ,BANG,NSE,BANG
15342,SHALPAINTS-EQ,SHALPAINTS,NSE,SHALPAINTS
15419,DPSCLTD-EQ,DPSCLTD,NSE,DPSCLTD
15420,ACL-EQ,ACL,NSE,ACL
1547,RKEC-EQ,RKEC,NSE,RKEC
1628,BECTORFOOD-EQ,BECTORFOOD,NSE,BECTORFOOD
16682,PTCIL-EQ,PTCIL,NSE,PTCIL
11427,NDTV-EQ,NDTV,NSE,NDTV
11530,EMIL-EQ,EMIL,NSE,EMIL
11532,ULTRACEMCO-EQ,ULTRACEMCO,NSE,ULTRACEMCO
11543,COFORGE-EQ,COFORGE,NSE,COFORGE
11627,NARMADA-EQ,NARMADA,NSE,NARMADA
11655,JBMA-EQ,JBMA,NSE,JBMA
1174,GNFC-EQ,GNFC,NSE,GNFC
11778,GOKEX-EQ,GOKEX,NSE,GOKEX
1181,GODFRYPHLP-EQ,GODFRYPHLP,NSE,GODFRYPHLP
11884,MANINDS-EQ,MANINDS,NSE,MANINDS
1190,FMGOETZE-EQ,FMGOETZE,NSE,FMGOETZE
11892,VHL-EQ,VHL,NSE,VHL
11935,SPLIL-EQ,SPLIL,NSE,SPLIL
11971,GOLDIAM-EQ,GOLDIAM,NSE,GOLDIAM
11983,SASKEN-EQ,SASKEN,NSE,SASKEN
12009,IMPAL-EQ,IMPAL,NSE,IMPAL
1235,GREAVESCOT-EQ,GREAVESCOT,NSE,GREAVESCOT
12384,ZIMLAB-EQ,ZIMLAB,NSE,ZIMLAB
1313,HARRMALAYA-EQ,HARRMALAYA,NSE,HARRMALAYA
13091,EKC-EQ,EKC,NSE,EKC
13168,EBB433INAV-EQ,EBB433INAV,NSE,EBB433INAV
13218,SULA-EQ,SULA,NSE,SULA
13251,SAKUMA-EQ,SAKUMA,NSE,SAKUMA
13260,KEC-EQ,KEC,NSE,KEC
13270,JKCEMENT-EQ,JKCEMENT,NSE,JKCEMENT
13285,M&MFIN-EQ,M&MFIN,NSE,M&MFIN
1338,SDBL-EQ,SDBL,NSE,SDBL
1348,HEROMOTOCO-EQ,HEROMOTOCO,NSE,HEROMOTOCO
13436,LOKESHMACH-EQ,LOKESHMACH,NSE,LOKESHMACH
13644,BANKADD-EQ,BANKADD,NSE,BANKADD
13761,BBL-EQ,BBL,NSE,BBL
13791,PARSVNATH-EQ,PARSVNATH,NSE,PARSVNATH
13794,BAIDFIN-EQ,BAIDFIN,NSE,BAIDFIN
13839,DONEAR-EQ,DONEAR,NSE,DONEAR
13868,AARTIPHARM-EQ,AARTIPHARM,NSE,AARTIPHARM
13920,PLASTIBLEN-EQ,PLASTIBLEN,NSE,PLASTIBLEN
13925,NFL-EQ,NFL,NSE,NFL
13987,ABSLBANETF-EQ,ABSLBANETF,NSE,ABSLBANETF
14008,AVTNPL-EQ,AVTNPL,NSE,AVTNPL
14019,VEEDOL-EQ,VEEDOL,NSE,VEEDOL
1424,HINDZINC-EQ,HINDZINC,NSE,HINDZINC
14346,ORIENTALTL-EQ,ORIENTALTL,NSE,ORIENTALTL
14361,APOLLOPIPE-EQ,APOLLOPIPE,NSE,APOLLOPIPE
14428,GOLDBEES-EQ,GOLDBEES,NSE,GOLDBEES
1455,BIRLANU-EQ,BIRLANU,NSE,BIRLANU
14599,GSLSU-EQ,GSLSU,NSE,GSLSU
14618,CHEMBOND-EQ,CHEMBOND,NSE,CHEMBOND
1476,IDBI-EQ,IDBI,NSE,IDBI
14702,NAGREEKEXP-EQ,NAGREEKEXP,NSE,NAGREEKEXP
14732,DLF-EQ,DLF,NSE,DLF
14764,071NSETEST-EQ,071NSETEST,NSE,071NSETEST
14788,SPARC-EQ,SPARC,NSE,SPARC
14828,WSI-EQ,WSI,NSE,WSI
14900,SAHYADRI-EQ,SAHYADRI,NSE,SAHYADRI
1491,IFCI-EQ,IFCI,NSE,IFCI
14924,LAL-EQ,LAL,NSE,LAL
14982,CENTUM-EQ,CENTUM,NSE,CENTUM
15039,CERA-EQ,CERA,NSE,CERA
15121,SVLL-EQ,SVLL,NSE,SVLL
15174,TARIL-EQ,TARIL,NSE,TARIL
15204,ARIES-EQ,ARIES,NSE,ARIES
15254,CEATLTD-EQ,CEATLTD,NSE,CEATLTD
15278,ONMOBILE-EQ,ONMOBILE,NSE,ONMOBILE
15330,QGOLDHALF-EQ,QGOLDHALF,NSE,QGOLDHALF
15347,GSS-EQ,GSS,NSE,GSS
15380,MANKIND-EQ,MANKIND,NSE,MANKIND
15589,AVG-EQ,AVG,NSE,AVG
1621,TATAINVEST-EQ,TATAINVEST,NSE,TATAINVEST
15840,LATTEYS-EQ,LATTEYS,NSE,LATTEYS
16253,EBBETF0430-EQ,EBBETF0430,NSE,EBBETF0430
16395,MMP-EQ,MMP,NSE,MMP
1681,IVP-EQ,IVP,NSE,IVP
16819,QNIFTY-EQ,QNIFTY,NSE,QNIFTY
16827,KOKUYOCMLN-EQ,KOKUYOCMLN,NSE,KOKUYOCMLN
16915,ZFCVINDIA-EQ,ZFCVINDIA,NSE,ZFCVINDIA
16921,20MICRONS-EQ,20MICRONS,NSE,20MICRONS
17094,CROMPTON-EQ,CROMPTON,NSE,CROMPTON
17130,PARAGMILK-EQ,PARAGMILK,NSE,PARAGMILK
17271,SENCO-EQ,SENCO,NSE,SENCO
17400,NHPC-EQ,NHPC,NSE,NHPC
17635,ZYDUSWELL-EQ,ZYDUSWELL,NSE,ZYDUSWELL
17839,GILLANDERS-EQ,GILLANDERS,NSE,GILLANDERS
17888,GATECH-EQ,GATECH,NSE,GATECH
17927,BAYERCROP-EQ,BAYERCROP,NSE,BAYERCROP
1808,KAJARIACER-EQ,KAJARIACER,NSE,KAJARIACER
1859,KESORAMIND-EQ,KESORAMIND,NSE,KESORAMIND
18566,RRKABEL-EQ,RRKABEL,NSE,RRKABEL
18783,IDFNIFTYET-EQ,IDFNIFTYET,NSE,IDFNIFTYET
18931,SUNDARAM-EQ,SUNDARAM,NSE,SUNDARAM
18962,RAJRATAN-EQ,RAJRATAN,NSE,RAJRATAN
1927,LIQUIDETF-EQ,LIQUIDETF,NSE,LIQUIDETF
19289,MOM50-EQ,MOM50,NSE,MOM50
19366,AHLWEST-EQ,AHLWEST,NSE,AHLWEST
19543,HDFCGOLD-EQ,HDFCGOLD,NSE,HDFCGOLD
19597,IRMENERGY-EQ,IRMENERGY,NSE,IRMENERGY
19633,ITETF-EQ,ITETF,NSE,ITETF
19800,WELINV-EQ,WELINV,NSE,WELINV
19878,ESAFSFB-EQ,ESAFSFB,NSE,ESAFSFB
19943,DEEPAKNTR-EQ,DEEPAKNTR,NSE,DEEPAKNTR
20063,SASTASUNDR-EQ,SASTASUNDR,NSE,SASTASUNDR
20086,CPCAP-EQ,CPCAP,NSE,CPCAP
20178,AKSHARCHEM-EQ,AKSHARCHEM,NSE,AKSHARCHEM
2048,INDIGOPNTS-EQ,INDIGOPNTS,NSE,INDIGOPNTS
2073,VTL-EQ,VTL,NSE,VTL
20790,SUMEETINDS-EQ,SUMEETINDS,NSE,SUMEETINDS
2088,MAHSEAMLES-EQ,MAHSEAMLES,NSE,MAHSEAMLES
21017,FMNL-EQ,FMNL,NSE,FMNL
21062,INNOVACAP-EQ,INNOVACAP,NSE,INNOVACAP
212,ASHOKLEY-EQ,ASHOKLEY,NSE,ASHOKLEY
21314,DYNPRO-EQ,DYNPRO,NSE,DYNPRO
21339,STEELXIND-EQ,STEELXIND,NSE,STEELXIND
21362,SALASAR-EQ,SALASAR,NSE,SALASAR
21469,OPTIEMUS-EQ,OPTIEMUS,NSE,OPTIEMUS
2176,AKG-EQ,AKG,NSE,AKG
21713,LASA-EQ,LASA,NSE,LASA
21794,DAVANGERE-EQ,DAVANGERE,NSE,DAVANGERE
2183,TSFINV-EQ,TSFINV,NSE,TSFINV
21808,SBILIFE-EQ,SBILIFE,NSE,SBILIFE
22,ACC-EQ,ACC,NSE,ACC
22365,ITIETF-EQ,ITIETF,NSE,ITIETF
22488,ITBETA-EQ,ITBETA,NSE,ITBETA
22901,GOLDCASE-EQ,GOLDCASE,NSE,GOLDCASE
22947,EXICOM-EQ,EXICOM,NSE,EXICOM
23066,GOPAL-EQ,GOPAL,NSE,GOPAL
2316,HEIDELBERG-EQ,HEIDELBERG,NSE,HEIDELBERG
2319,NCC-EQ,NCC,NSE,NCC
2350,NURECA-EQ,NURECA,NSE,NURECA
23607,BALUFORGE-EQ,BALUFORGE,NSE,BALUFORGE
2406,NEULANDLAB-EQ,NEULANDLAB,NSE,NEULANDLAB
24196,VADILALIND-EQ,VADILALIND,NSE,VADILALIND
24398,EMCURE-EQ,EMCURE,NSE,EMCURE
11480,KRIDHANINF-EQ,KRIDHANINF,NSE,KRIDHANINF
1162,GTL-EQ,GTL,NSE,GTL
11677,INDOCO-EQ,INDOCO,NSE,INDOCO
11763,JPPOWER-EQ,JPPOWER,NSE,JPPOWER
11798,ALLDIGI-EQ,ALLDIGI,NSE,ALLDIGI
11856,SHAHALLOYS-EQ,SHAHALLOYS,NSE,SHAHALLOYS
11895,DCXINDIA-EQ,DCXINDIA,NSE,DCXINDIA
11905,GENUSPOWER-EQ,GENUSPOWER,NSE,GENUSPOWER
11909,SWELECTES-EQ,SWELECTES,NSE,SWELECTES
12015,AEROENTER-EQ,AEROENTER,NSE,AEROENTER
1267,GUJALKALI-EQ,GUJALKALI,NSE,GUJALKALI
12848,N1NSETEST-EQ,N1NSETEST,NSE,N1NSETEST
13197,GSPL-EQ,GSPL,NSE,GSPL
13198,COMMOIETF-EQ,COMMOIETF,NSE,COMMOIETF
13275,INDOTECH-EQ,INDOTECH,NSE,INDOTECH
13305,CENTURYPLY-EQ,CENTURYPLY,NSE,CENTURYPLY
1336,HEG-EQ,HEG,NSE,HEG
13400,BHAGERIA-EQ,BHAGERIA,NSE,BHAGERIA
13517,EMAMILTD-EQ,EMAMILTD,NSE,EMAMILTD
13522,NECCLTD-EQ,NECCLTD,NSE,NECCLTD
13557,AVONMORE-EQ,AVONMORE,NSE,AVONMORE
13631,SKYGOLD-EQ,SKYGOLD,NSE,SKYGOLD
13658,GEECEE-EQ,GEECEE,NSE,GEECEE
13675,NRL-EQ,NRL,NSE,NRL
13725,DCBBANK-EQ,DCBBANK,NSE,DCBBANK
13816,LTFOODS-EQ,LTFOODS,NSE,LTFOODS
13982,JASH-EQ,JASH,NSE,JASH
14101,PTL-EQ,PTL,NSE,PTL
14139,SBGLP-EQ,SBGLP,NSE,SBGLP
14241,HMI150INAV-EQ,HMI150INAV,NSE,HMI150INAV
14243,HSM250INAV-EQ,HSM250INAV,NSE,HSM250INAV
14286,GOLDETF-EQ,GOLDETF,NSE,GOLDETF
14329,SMSPHARMA-EQ,SMSPHARMA,NSE,SMSPHARMA
14366,IDEA-EQ,IDEA,NSE,IDEA
1448,HLVLTD-EQ,HLVLTD,NSE,HLVLTD
14518,ABSLLIQUID-EQ,ABSLLIQUID,NSE,ABSLLIQUID
14523,ICRA-EQ,ICRA,NSE,ICRA
14537,DISHTV-EQ,DISHTV,NSE,DISHTV
14557,AROGRANITE-EQ,AROGRANITE,NSE,AROGRANITE
14582,SRHHYPOLTD-EQ,SRHHYPOLTD,NSE,SRHHYPOLTD
14592,FORTIS-EQ,FORTIS,NSE,FORTIS
14607,TGBHOTELS-EQ,TGBHOTELS,NSE,TGBHOTELS
14753,031NSETEST-EQ,031NSETEST,NSE,031NSETEST
14761,NELCAST-EQ,NELCAST,NSE,NELCAST
14843,VIPCLOTHNG-EQ,VIPCLOTHNG,NSE,VIPCLOTHNG
14848,ALPA-EQ,ALPA,NSE,ALPA
14889,ASIANTILES-EQ,ASIANTILES,NSE,ASIANTILES
14894,CENTRALBK-EQ,CENTRALBK,NSE,CENTRALBK
14966,CSBBANK-EQ,CSBBANK,NSE,CSBBANK
15259,RPOWER-EQ,RPOWER,NSE,RPOWER
15313,IRB-EQ,IRB,NSE,IRB
15355,RECLTD-EQ,RECLTD,NSE,RECLTD
15362,VGUARD-EQ,VGUARD,NSE,VGUARD
15404,ATAM-EQ,ATAM,NSE,ATAM
1565,RVHL-EQ,RVHL,NSE,RVHL
15716,PIGL-EQ,PIGL,NSE,PIGL
16045,PRINCEPIPE-EQ,PRINCEPIPE,NSE,PRINCEPIPE
16192,PAVNAIND-EQ,PAVNAIND,NSE,PAVNAIND
1624,IOC-EQ,IOC,NSE,IOC
1663,SUNDROP-EQ,SUNDROP,NSE,SUNDROP
16900,DPWIRES-EQ,DPWIRES,NSE,DPWIRES
16908,TOUCHWOOD-EQ,TOUCHWOOD,NSE,TOUCHWOOD
16927,JOCIL-EQ,JOCIL,NSE,JOCIL
17053,HMAAGRO-EQ,HMAAGRO,NSE,HMAAGRO
17181,NEXT50-EQ,NEXT50,NSE,NEXT50
1726,JBCHEPHARM-EQ,JBCHEPHARM,NSE,JBCHEPHARM
17256,ALBERTDAVD-EQ,ALBERTDAVD,NSE,ALBERTDAVD
17263,ARMANFIN-EQ,ARMANFIN,NSE,ARMANFIN
17270,ASPINWALL-EQ,ASPINWALL,NSE,ASPINWALL
17475,NV20IETF-EQ,NV20IETF,NSE,NV20IETF
17507,INCREDIBLE-EQ,INCREDIBLE,NSE,INCREDIBLE
17675,ALOKINDS-EQ,ALOKINDS,NSE,ALOKINDS
17770,GROBTEA-EQ,GROBTEA,NSE,GROBTEA
17801,LLOYDSENGG-EQ,LLOYDSENGG,NSE,LLOYDSENGG
18011,WHIRLPOOL-EQ,WHIRLPOOL,NSE,WHIRLPOOL
18131,YASHO-EQ,YASHO,NSE,YASHO
18232,LORDSCHLO-EQ,LORDSCHLO,NSE,LORDSCHLO
18279,HDFCLIQUID-EQ,HDFCLIQUID,NSE,HDFCLIQUID
18422,ASIANHOTNR-EQ,ASIANHOTNR,NSE,ASIANHOTNR
18644,DIAMINESQ-EQ,DIAMINESQ,NSE,DIAMINESQ
19015,MVGJL-EQ,MVGJL,NSE,MVGJL
19084,ITBEES-EQ,ITBEES,NSE,ITBEES
19111,NBIFIN-EQ,NBIFIN,NSE,NBIFIN
19279,THEJO-EQ,THEJO,NSE,THEJO
1937,KREBSBIO-EQ,KREBSBIO,NSE,KREBSBIO
19292,TERASOFT-EQ,TERASOFT,NSE,TERASOFT
19410,ROSSARI-EQ,ROSSARI,NSE,ROSSARI
19458,PLAZACABLE-EQ,PLAZACABLE,NSE,PLAZACABLE
19876,LGHL-EQ,LGHL,NSE,LGHL
20152,ASKAUTOLTD-EQ,ASKAUTOLTD,NSE,ASKAUTOLTD
20203,URJA-EQ,URJA,NSE,URJA
20527,PRUDMOULI-EQ,PRUDMOULI,NSE,PRUDMOULI
20532,AXISGOLD-EQ,AXISGOLD,NSE,AXISGOLD
2056,HOMEFIRST-EQ,HOMEFIRST,NSE,HOMEFIRST
20607,INOXINDIA-EQ,INOXINDIA,NSE,INOXINDIA
20642,JINDWORLD-EQ,JINDWORLD,NSE,JINDWORLD
20831,MUTHOOTMF-EQ,MUTHOOTMF,NSE,MUTHOOTMF
20878,MUFTI-EQ,MUFTI,NSE,MUFTI
20950,RKDL-EQ,RKDL,NSE,RKDL
20956,SUNCLAY-EQ,SUNCLAY,NSE,SUNCLAY
2106,MANGLMCEM-EQ,MANGLMCEM,NSE,MANGLMCEM
2107,STOVEKRAFT-EQ,STOVEKRAFT,NSE,STOVEKRAFT
21131,TEJASNET-EQ,TEJASNET,NSE,TEJASNET
21174,CDSL-EQ,CDSL,NSE,CDSL
21401,TATAGOLD-EQ,TATAGOLD,NSE,TATAGOLD
21750,LIQUIDCASE-EQ,LIQUIDCASE,NSE,LIQUIDCASE
2202,MIRCELECTR-EQ,MIRCELECTR,NSE,MIRCELECTR
16783,GVT&D-EQ,GVT&D,NSE,GVT&D
16795,ARCHIDPLY-EQ,ARCHIDPLY,NSE,ARCHIDPLY
16943,ASHOKAMET-EQ,ASHOKAMET,NSE,ASHOKAMET
16996,TPHQ-EQ,TPHQ,NSE,TPHQ
17029,PATANJALI-EQ,PATANJALI,NSE,PATANJALI
17186,SHRIPISTON-EQ,SHRIPISTON,NSE,SHRIPISTON
17313,LLOYDSME-EQ,LLOYDSME,NSE,LLOYDSME
17572,LIQUID-EQ,LIQUID,NSE,LIQUID
17616,PSUBANKADD-EQ,PSUBANKADD,NSE,PSUBANKADD
17702,MIDSELIETF-EQ,MIDSELIETF,NSE,MIDSELIETF
17738,YATHARTH-EQ,YATHARTH,NSE,YATHARTH
17833,AHLUCONT-EQ,AHLUCONT,NSE,AHLUCONT
18012,VLEGOV-EQ,VLEGOV,NSE,VLEGOV
18039,ADVENZYMES-EQ,ADVENZYMES,NSE,ADVENZYMES
18049,MINDTECK-EQ,MINDTECK,NSE,MINDTECK
18060,CONCORDBIO-EQ,CONCORDBIO,NSE,CONCORDBIO
18110,VASCONEQ-EQ,VASCONEQ,NSE,VASCONEQ
18119,SRGHFL-EQ,SRGHFL,NSE,SRGHFL
18220,KECL-EQ,KECL,NSE,KECL
18292,IVZINGOLD-EQ,IVZINGOLD,NSE,IVZINGOLD
18504,TVVISION-EQ,TVVISION,NSE,TVVISION
18562,MITTAL-EQ,MITTAL,NSE,MITTAL
18564,LTTS-EQ,LTTS,NSE,LTTS
18571,GNA-EQ,GNA,NSE,GNA
1879,CARYSIL-EQ,CARYSIL,NSE,CARYSIL
18755,KALAMANDIR-EQ,KALAMANDIR,NSE,KALAMANDIR
18822,ENDURANCE-EQ,ENDURANCE,NSE,ENDURANCE
18863,VERTOZ-EQ,VERTOZ,NSE,VERTOZ
19184,SFL-EQ,SFL,NSE,SFL
19205,HEADSUP-EQ,HEADSUP,NSE,HEADSUP
19235,IMFA-EQ,IMFA,NSE,IMFA
19531,BAJAJCON-EQ,BAJAJCON,NSE,BAJAJCON
1964,TRENT-EQ,TRENT,NSE,TRENT
19631,PRICOLLTD-EQ,PRICOLLTD,NSE,PRICOLLTD
19731,GPPL-EQ,GPPL,NSE,GPPL
19813,HONASA-EQ,HONASA,NSE,HONASA
19937,KILITCH-EQ,KILITCH,NSE,KILITCH
2028,LYKALABS-EQ,LYKALABS,NSE,LYKALABS
20322,FEDFINA-EQ,FEDFINA,NSE,FEDFINA
20453,APCL-EQ,APCL,NSE,APCL
206,ASHIMASYN-EQ,ASHIMASYN,NSE,ASHIMASYN
20616,SUPERHOUSE-EQ,SUPERHOUSE,NSE,SUPERHOUSE
21119,KICL-EQ,KICL,NSE,KICL
21252,AXISNIFTY-EQ,AXISNIFTY,NSE,AXISNIFTY
21383,PALASHSECU-EQ,PALASHSECU,NSE,PALASHSECU
21399,GANGESSECU-EQ,GANGESSECU,NSE,GANGESSECU
21427,THEINVEST-EQ,THEINVEST,NSE,THEINVEST
21501,SIS-EQ,SIS,NSE,SIS
21508,COCHINSHIP-EQ,COCHINSHIP,NSE,COCHINSHIP
21551,HALEOSLABS-EQ,HALEOSLABS,NSE,HALEOSLABS
21690,DIXON-EQ,DIXON,NSE,DIXON
21749,CAPACITE-EQ,CAPACITE,NSE,CAPACITE
21770,ICICIGI-EQ,ICICIGI,NSE,ICICIGI
22277,WORTHPERI-EQ,WORTHPERI,NSE,WORTHPERI
2259,MOREPENLAB-EQ,MOREPENLAB,NSE,MOREPENLAB
2263,BANDHANBNK-EQ,BANDHANBNK,NSE,BANDHANBNK
2256,PENINLAND-EQ,PENINLAND,NSE,PENINLAND
2275,IRISDOREME-EQ,IRISDOREME,NSE,IRISDOREME
2289,HLEGLAS-EQ,HLEGLAS,NSE,HLEGLAS
22980,MUKKA-EQ,MUKKA,NSE,MUKKA
23142,PVSL-EQ,PVSL,NSE,PVSL
23407,LIQUIDADD-EQ,LIQUIDADD,NSE,LIQUIDADD
24081,TOP100CASE-EQ,TOP100CASE,NSE,TOP100CASE
2431,RAILTEL-EQ,RAILTEL,NSE,RAILTEL
24308,ABDL-EQ,ABDL,NSE,ABDL
24403,ASHIANA-EQ,ASHIANA,NSE,ASHIANA
24404,ABGSEC-EQ,ABGSEC,NSE,ABGSEC
2496,ORIENTPPR-EQ,ORIENTPPR,NSE,ORIENTPPR
25114,STYLEBAAZA-EQ,STYLEBAAZA,NSE,STYLEBAAZA
25312,PNGJL-EQ,PNGJL,NSE,PNGJL
25690,DSSL-EQ,DSSL,NSE,DSSL
25756,VIKASECO-EQ,VIKASECO,NSE,VIKASECO
2595,3PLAND-EQ,3PLAND,NSE,3PLAND
25851,VAL30IETF-EQ,VAL30IETF,NSE,VAL30IETF
2643,PFIZER-EQ,PFIZER,NSE,PFIZER
2645,DRCSYSTEMS-EQ,DRCSYSTEMS,NSE,DRCSYSTEMS
27037,TBZ-EQ,TBZ,NSE,TBZ
27052,SAGILITY-EQ,SAGILITY,NSE,SAGILITY
27066,SWIGGY-EQ,SWIGGY,NSE,SWIGGY
27067,VSSL-EQ,VSSL,NSE,VSSL
27213,EIEL-EQ,EIEL,NSE,EIEL
27334,SURAKSHA-EQ,SURAKSHA,NSE,SURAKSHA
275,AUROPHARMA-EQ,AUROPHARMA,NSE,AUROPHARMA
2783,JUBLINGREA-EQ,JUBLINGREA,NSE,JUBLINGREA
2814,ARVEE-EQ,ARVEE,NSE,ARVEE
2816,RALLIS-EQ,RALLIS,NSE,RALLIS
2885,RELIANCE-EQ,RELIANCE,NSE,RELIANCE
29423,MOHITIND-EQ,MOHITIND,NSE,MOHITIND
29758,MSCIINDIA-EQ,MSCIINDIA,NSE,MSCIINDIA
29877,VIVIDHA-EQ,VIVIDHA,NSE,VIVIDHA
30124,EQU200INAV-EQ,EQU200INAV,NSE,EQU200INAV
30244,BHARATSE-EQ,BHARATSE,NSE,BHARATSE
30290,SBIBPB-EQ,SBIBPB,NSE,SBIBPB
3045,SBIN-EQ,SBIN,NSE,SBIN
30498,SIL360INAV-EQ,SIL360INAV,NSE,SIL360INAV
30503,EQUA50INAV-EQ,EQUA50INAV,NSE,EQUA50INAV
3063,VEDL-EQ,VEDL,NSE,VEDL
30590,TOP20INAV-EQ,TOP20INAV,NSE,TOP20INAV
31138,COMPUSOFT-EQ,COMPUSOFT,NSE,COMPUSOFT
3150,SIEMENS-EQ,SIEMENS,NSE,SIEMENS
317,BAJFINANCE-EQ,BAJFINANCE,NSE,BAJFINANCE
3247,NITIRAJ-EQ,NITIRAJ,NSE,NITIRAJ
3327,SUDARSCHEM-EQ,SUDARSCHEM,NSE,SUDARSCHEM
3348,SUNFLAG-EQ,SUNFLAG,NSE,SUNFLAG
3384,SWARAJENG-EQ,SWARAJENG,NSE,SWARAJENG
3484,TIL-EQ,TIL,NSE,TIL
3426,TATAPOWER-EQ,TATAPOWER,NSE,TATAPOWER
381,SINTERCOM-EQ,SINTERCOM,NSE,SINTERCOM
395,BEML-EQ,BEML,NSE,BEML
3963,GOCLCORP-EQ,GOCLCORP,NSE,GOCLCORP
3912,KHAITANLTD-EQ,KHAITANLTD,NSE,KHAITANLTD
40,AEGISLOG-EQ,AEGISLOG,NSE,AEGISLOG
4014,NAVA-EQ,NAVA,NSE,NAVA
4116,HBSL-EQ,HBSL,NSE,HBSL
438,BHEL-EQ,BHEL,NSE,BHEL
4394,MIRZAINT-EQ,MIRZAINT,NSE,MIRZAINT
4422,INDIANCARD-EQ,INDIANCARD,NSE,INDIANCARD
4548,GUJRAFFIA-EQ,GUJRAFFIA,NSE,GUJRAFFIA
477,BIRLACABLE-EQ,BIRLACABLE,NSE,BIRLACABLE
4973,PHARMABEES-EQ,PHARMABEES,NSE,PHARMABEES
4986,IRCON-EQ,IRCON,NSE,IRCON
4992,SHARDACROP-EQ,SHARDACROP,NSE,SHARDACROP
5143,JAICORPLTD-EQ,JAICORPLTD,NSE,JAICORPLTD
5194,ANTGRAPHIC-EQ,ANTGRAPHIC,NSE,ANTGRAPHIC
5220,BFSI-EQ,BFSI,NSE,BFSI
5366,WINDLAS-EQ,WINDLAS,NSE,WINDLAS
5373,DEVYANI-EQ,DEVYANI,NSE,DEVYANI
5385,AAVAS-EQ,AAVAS,NSE,AAVAS
5650,SHANTI-EQ,SHANTI,NSE,SHANTI
5782,MASPTOP50-EQ,MASPTOP50,NSE,MASPTOP50
628,CESC-EQ,CESC,NSE,CESC
6663,SIGACHI-EQ,SIGACHI,NSE,SIGACHI
6711,IVC-EQ,IVC,NSE,IVC
6718,SAPPHIRE-EQ,SAPPHIRE,NSE,SAPPHIRE
6913,RPPL-EQ,RPPL,NSE,RPPL
6961,MENONBE-EQ,MENONBE,NSE,MENONBE
7030,ASIANENE-EQ,ASIANENE,NSE,ASIANENE
7048,HESTERBIO-EQ,HESTERBIO,NSE,HESTERBIO
714,SHALBY-EQ,SHALBY,NSE,SHALBY
740,SBIETFIT-EQ,SBIETFIT,NSE,SBIETFIT
7463,MANAKSTEEL-EQ,MANAKSTEEL,NSE,MANAKSTEEL
7506,WOCKPHARMA-EQ,WOCKPHARMA,NSE,WOCKPHARMA
7508,ZENTEC-EQ,ZENTEC,NSE,ZENTEC
7518,TREJHARA-EQ,TREJHARA,NSE,TREJHARA
7560,UNITEDPOLY-EQ,UNITEDPOLY,NSE,UNITEDPOLY
756802,OSWALPUMPS-EQ,OSWALPUMPS,NSE,OSWALPUMPS
756900,MON50EQUAL-EQ,MON50EQUAL,NSE,MON50EQUAL
757014,THELEELA-EQ,THELEELA,NSE,THELEELA
757520,BLUSPRING-EQ,BLUSPRING,NSE,BLUSPRING
757614,ARIS-EQ,ARIS,NSE,ARIS
757725,LIQGRWBEES-EQ,LIQGRWBEES,NSE,LIQGRWBEES
757767,SAMBHV-EQ,SAMBHV,NSE,SAMBHV
757850,CRIZAC-EQ,CRIZAC,NSE,CRIZAC
758457,MOSILVER-EQ,MOSILVER,NSE,MOSILVER
758460,JSWCEMENT-EQ,JSWCEMENT,NSE,JSWCEMENT
758697,GROWWNIFTY-EQ,GROWWNIFTY,NSE,GROWWNIFTY
759048,GKENERGY-EQ,GKENERGY,NSE,GKENERGY
759130,ABCOTS-EQ,ABCOTS,NSE,ABCOTS
759084,URBANCO-EQ,URBANCO,NSE,URBANCO
759244,JAINREC-EQ,JAINREC,NSE,JAINREC
759374,MOENERGY-EQ,MOENERGY,NSE,MOENERGY
759397,SOLEX-EQ,SOLEX,NSE,SOLEX
759439,PATELRMART-EQ,PATELRMART,NSE,PATELRMART
759477,CANHLIFE-EQ,CANHLIFE,NSE,CANHLIFE
759522,GROWWSC250-EQ,GROWWSC250,NSE,GROWWSC250
759569,ORKLAINDIA-EQ,ORKLAINDIA,NSE,ORKLAINDIA
759814,SMALL250-EQ,SMALL250,NSE,SMALL250
759891,MOIPO-EQ,MOIPO,NSE,MOIPO
759969,PAUSHAKLTD-EQ,PAUSHAKLTD,NSE,PAUSHAKLTD
22675,CAPITALSFB-EQ,CAPITALSFB,NSE,CAPITALSFB
2268,MOTOGENFIN-EQ,MOTOGENFIN,NSE,MOTOGENFIN
22846,GPTHEALTH-EQ,GPTHEALTH,NSE,GPTHEALTH
23181,MOSMALL250-EQ,MOSMALL250,NSE,MOSMALL250
23480,SINCLAIR-EQ,SINCLAIR,NSE,SINCLAIR
23799,GODIGIT-EQ,GODIGIT,NSE,GODIGIT
24154,DEEDEV-EQ,DEEDEV,NSE,DEEDEV
24231,OMINFRAL-EQ,OMINFRAL,NSE,OMINFRAL
2435,CONSUMBEES-EQ,CONSUMBEES,NSE,CONSUMBEES
2442,NOCIL-EQ,NOCIL,NSE,NOCIL
24374,LIQUIDSHRI-EQ,LIQUIDSHRI,NSE,LIQUIDSHRI
24730,RUBFILA-EQ,RUBFILA,NSE,RUBFILA
24850,GSEC10INAV-EQ,GSEC10INAV,NSE,GSEC10INAV
2493,ORIENTHOT-EQ,ORIENTHOT,NSE,ORIENTHOT
25017,BODALCHEM-EQ,BODALCHEM,NSE,BODALCHEM
25060,ECOSMOBLTY-EQ,ECOSMOBLTY,NSE,ECOSMOBLTY
25073,RAYMONDLSL-EQ,RAYMONDLSL,NSE,RAYMONDLSL
25134,GALAPREC-EQ,GALAPREC,NSE,GALAPREC
25171,TOP10ADD-EQ,TOP10ADD,NSE,TOP10ADD
25203,BALAJEE-EQ,BALAJEE,NSE,BALAJEE
25574,SHAKTIPUMP-EQ,SHAKTIPUMP,NSE,SHAKTIPUMP
25725,BANKPSU-EQ,BANKPSU,NSE,BANKPSU
2610,PEARLPOLY-EQ,PEARLPOLY,NSE,PEARLPOLY
2614,HERANBA-EQ,HERANBA,NSE,HERANBA
27008,HEXATRADEX-EQ,HEXATRADEX,NSE,HEXATRADEX
2705,PRAJIND-EQ,PRAJIND,NSE,PRAJIND
2717,PRECWIRE-EQ,PRECWIRE,NSE,PRECWIRE
27144,BLACKBUCK-EQ,BLACKBUCK,NSE,BLACKBUCK
27171,RACLGEAR-EQ,RACLGEAR,NSE,RACLGEAR
28662,DAMCAPITAL-EQ,DAMCAPITAL,NSE,DAMCAPITAL
28714,TRANSRAILL-EQ,TRANSRAILL,NSE,TRANSRAILL
28888,SENORES-EQ,SENORES,NSE,SENORES
28969,CONSUMER-EQ,CONSUMER,NSE,CONSUMER
29050,ZUARI-EQ,ZUARI,NSE,ZUARI
29224,ONESOURCE-EQ,ONESOURCE,NSE,ONESOURCE
29251,ITCHOTELS-EQ,ITCHOTELS,NSE,ITCHOTELS
2955,KALYANKJIL-EQ,KALYANKJIL,NSE,KALYANKJIL
29553,NIFTYIETF-EQ,NIFTYIETF,NSE,NIFTYIETF
29598,REPCOHOME-EQ,REPCOHOME,NSE,REPCOHOME
30089,ORIENTCEM-EQ,ORIENTCEM,NSE,ORIENTCEM
30249,ISHANCH-EQ,ISHANCH,NSE,ISHANCH
305,BAJAJHLDNG-EQ,BAJAJHLDNG,NSE,BAJAJHLDNG
3048,SCI-EQ,SCI,NSE,SCI
30475,MID15INAV-EQ,MID15INAV,NSE,MID15INAV
30502,MONT50INAV-EQ,MONT50INAV,NSE,MONT50INAV
30570,GRO250INAV-EQ,GRO250INAV,NSE,GRO250INAV
312,TIINDIA-EQ,TIINDIA,NSE,TIINDIA
3126,SHREYANIND-EQ,SHREYANIND,NSE,SHREYANIND
31163,RHIM-EQ,RHIM,NSE,RHIM
3186,SKFINDIA-EQ,SKFINDIA,NSE,SKFINDIA
3237,JTEKTINDIA-EQ,JTEKTINDIA,NSE,JTEKTINDIA
330,VALIANTORG-EQ,VALIANTORG,NSE,VALIANTORG
3324,SUBROS-EQ,SUBROS,NSE,SUBROS
3339,SUNDARMFIN-EQ,SUNDARMFIN,NSE,SUNDARMFIN
3396,TAINWALCHM-EQ,TAINWALCHM,NSE,TAINWALCHM
350,BANARISUG-EQ,BANARISUG,NSE,BANARISUG
3499,TATASTEEL-EQ,TATASTEEL,NSE,TATASTEEL
3530,AXISBPSETF-EQ,AXISBPSETF,NSE,AXISBPSETF
3637,JUBLPHARMA-EQ,JUBLPHARMA,NSE,JUBLPHARMA
3718,VOLTAS-EQ,VOLTAS,NSE,VOLTAS
419,BEPL-EQ,BEPL,NSE,BEPL
4007,CORALFINAC-EQ,CORALFINAC,NSE,CORALFINAC
422,BHARATFORG-EQ,BHARATFORG,NSE,BHARATFORG
4306,SHRIRAMFIN-EQ,SHRIRAMFIN,NSE,SHRIRAMFIN
4378,SENSEXIETF-EQ,SENSEXIETF,NSE,SENSEXIETF
4410,JAGSNPHARM-EQ,JAGSNPHARM,NSE,JAGSNPHARM
4481,AARTIDRUGS-EQ,AARTIDRUGS,NSE,AARTIDRUGS
4529,NEXT50IETF-EQ,NEXT50IETF,NSE,NEXT50IETF
4568,ATLASCYCLE-EQ,ATLASCYCLE,NSE,ATLASCYCLE
4587,RAMCOIND-EQ,RAMCOIND,NSE,RAMCOIND
4717,GAIL-EQ,GAIL,NSE,GAIL
4822,DODLA-EQ,DODLA,NSE,DODLA
760039,SUDEEPPHRM-EQ,SUDEEPPHRM,NSE,SUDEEPPHRM
760242,PNGSREVA-EQ,PNGSREVA,NSE,PNGSREVA
7603,CMSINFO-EQ,CMSINFO,NSE,CMSINFO
760415,TOP20-EQ,TOP20,NSE,TOP20
760740,AMAGI-EQ,AMAGI,NSE,AMAGI
760976,GROWWPSE-EQ,GROWWPSE,NSE,GROWWPSE
761680,POWERICA-EQ,POWERICA,NSE,POWERICA
7627,SHREERAMA-EQ,SHREERAMA,NSE,SHREERAMA
7679,MONARCH-EQ,MONARCH,NSE,MONARCH
8050,MAHLIFE-EQ,MAHLIFE,NSE,MAHLIFE
8054,KTKBANK-EQ,KTKBANK,NSE,KTKBANK
8075,DALBHARAT-EQ,DALBHARAT,NSE,DALBHARAT
8110,AWL-EQ,AWL,NSE,AWL
817,DCW-EQ,DCW,NSE,DCW
8342,GSEC5IETF-EQ,GSEC5IETF,NSE,GSEC5IETF
8469,MITCON-EQ,MITCON,NSE,MITCON
8479,TVSMOTOR-EQ,TVSMOTOR,NSE,TVSMOTOR
8585,NLCINDIA-EQ,NLCINDIA,NSE,NLCINDIA
8652,VETO-EQ,VETO,NSE,VETO
8890,VERANDA-EQ,VERANDA,NSE,VERANDA
8968,HARIOMPIPE-EQ,HARIOMPIPE,NSE,HARIOMPIPE
9260,ARROWGREEN-EQ,ARROWGREEN,NSE,ARROWGREEN
928,ELECTCAST-EQ,ELECTCAST,NSE,ELECTCAST
9408,RAINBOW-EQ,RAINBOW,NSE,RAINBOW
9480,LICI-EQ,LICI,NSE,LICI
9678,SOUTHWEST-EQ,SOUTHWEST,NSE,SOUTHWEST
9756,EMUDHRA-EQ,EMUDHRA,NSE,EMUDHRA
993,EVERESTIND-EQ,EVERESTIND,NSE,EVERESTIND
999,EUROTEXIND-EQ,EUROTEXIND,NSE,EUROTEXIND
4953,ADROITINFO-EQ,ADROITINFO,NSE,ADROITINFO
5114,SGIL-EQ,SGIL,NSE,SGIL
5204,GMDCLTD-EQ,GMDCLTD,NSE,GMDCLTD
5426,NUVOCO-EQ,NUVOCO,NSE,NUVOCO
5938,MONTECARLO-EQ,MONTECARLO,NSE,MONTECARLO
5957,BSLSENETFG-EQ,BSLSENETFG,NSE,BSLSENETFG
6218,SIKKO-EQ,SIKKO,NSE,SIKKO
6278,MEDICAMEQ-EQ,MEDICAMEQ,NSE,MEDICAMEQ
637,CHAMBLFERT-EQ,CHAMBLFERT,NSE,CHAMBLFERT
6445,TECHNOE-EQ,TECHNOE,NSE,TECHNOE
6600,GENUSPAPER-EQ,GENUSPAPER,NSE,GENUSPAPER
6848,GREENLAM-EQ,GREENLAM,NSE,GREENLAM
7091,SEJALLTD-EQ,SEJALLTD,NSE,SEJALLTD
722,SBIETFPB-EQ,SBIETFPB,NSE,SBIETFPB
7200,SHRIRAMPPS-EQ,SHRIRAMPPS,NSE,SHRIRAMPPS
7287,JTLIND-EQ,JTLIND,NSE,JTLIND
7376,HPAL-EQ,HPAL,NSE,HPAL
7339,ABSLNN50ET-EQ,ABSLNN50ET,NSE,ABSLNN50ET
742,COSMOFIRST-EQ,COSMOFIRST,NSE,COSMOFIRST
756015,CIFL-EQ,CIFL,NSE,CIFL
756782,KRISHIVAL-EQ,KRISHIVAL,NSE,KRISHIVAL
756843,ABLBL-EQ,ABLBL,NSE,ABLBL
757,CRISIL-EQ,CRISIL,NSE,CRISIL
757142,EQUAL50-EQ,EQUAL50,NSE,EQUAL50
757515,DIGITIDE-EQ,DIGITIDE,NSE,DIGITIDE
757669,MOALPHA50-EQ,MOALPHA50,NSE,MOALPHA50
757772,HDBFS-EQ,HDBFS,NSE,HDBFS
757794,BRIGHOTEL-EQ,BRIGHOTEL,NSE,BRIGHOTEL
757965,SMARTWORKS-EQ,SMARTWORKS,NSE,SMARTWORKS
758858,CPPLUS-EQ,CPPLUS,NSE,CPPLUS
759239,FINKURVE-EQ,FINKURVE,NSE,FINKURVE
759355,SYSTMTXC-EQ,SYSTMTXC,NSE,SYSTMTXC
759458,GROWWNXT50-EQ,GROWWNXT50,NSE,GROWWNXT50
759488,MOMENTUM30-EQ,MOMENTUM30,NSE,MOMENTUM30
759551,PIRAMALFIN-EQ,PIRAMALFIN,NSE,PIRAMALFIN
759820,PINELABS-EQ,PINELABS,NSE,PINELABS
759956,ARSSBL-EQ,ARSSBL,NSE,ARSSBL
760001,MOSERVICE-EQ,MOSERVICE,NSE,MOSERVICE
760073,JAYKAY-EQ,JAYKAY,NSE,JAYKAY
760193,AONESILVER-EQ,AONESILVER,NSE,AONESILVER
760254,CORONA-EQ,CORONA,NSE,CORONA
760433,KSHINTL-EQ,KSHINTL,NSE,KSHINTL
760891,DSFCL-EQ,DSFCL,NSE,DSFCL
760981,AYE-EQ,AYE,NSE,AYE
761037,CEINSYS-EQ,CEINSYS,NSE,CEINSYS
761197,GKSL-EQ,GKSL,NSE,GKSL
761420,SINGERIND-EQ,SINGERIND,NSE,SINGERIND
761439,RSL-EQ,RSL,NSE,RSL
761494,BCPL-EQ,BCPL,NSE,BCPL
761528,INNOVISION-EQ,INNOVISION,NSE,INNOVISION
7672,IMAGICAA-EQ,IMAGICAA,NSE,IMAGICAA
7838,NETF-EQ,NETF,NSE,NETF
7929,ZYDUSLIFE-EQ,ZYDUSLIFE,NSE,ZYDUSLIFE
8119,RPSGVENT-EQ,RPSGVENT,NSE,RPSGVENT
8146,DEVIT-EQ,DEVIT,NSE,DEVIT
8167,MANYAVAR-EQ,MANYAVAR,NSE,MANYAVAR
8175,SAGARDEEP-EQ,SAGARDEEP,NSE,SAGARDEEP
24856,SSDL-EQ,SSDL,NSE,SSDL
24870,INVENTURE-EQ,INVENTURE,NSE,INVENTURE
24999,IBULLSLTD-EQ,IBULLSLTD,NSE,IBULLSLTD
25328,APLLTD-EQ,APLLTD,NSE,APLLTD
25358,PGEL-EQ,PGEL,NSE,PGEL
25392,PANAMAPET-EQ,PANAMAPET,NSE,PANAMAPET
25403,WCIL-EQ,WCIL,NSE,WCIL
25447,GROWWLIQID-EQ,GROWWLIQID,NSE,GROWWLIQID
25643,KRN-EQ,KRN,NSE,KRN
25807,LLOYDSENT-EQ,LLOYDSENT,NSE,LLOYDSENT
25892,DBEIL-EQ,DBEIL,NSE,DBEIL
25897,MINDACORP-EQ,MINDACORP,NSE,MINDACORP
25977,AFCONS-EQ,AFCONS,NSE,AFCONS
25984,AVL-EQ,AVL,NSE,AVL
2687,POLYPLEX-EQ,POLYPLEX,NSE,POLYPLEX
270,CHEMCON-EQ,CHEMCON,NSE,CHEMCON
27297,RTNINDIA-EQ,RTNINDIA,NSE,RTNINDIA
27754,INNOVANA-EQ,INNOVANA,NSE,INNOVANA
2866,RCF-EQ,RCF,NSE,RCF
28847,VENTIVE-EQ,VENTIVE,NSE,VENTIVE
28952,DUCON-EQ,DUCON,NSE,DUCON
29008,TVSHLTD-EQ,TVSHLTD,NSE,TVSHLTD
29019,ECAPINSURE-EQ,ECAPINSURE,NSE,ECAPINSURE
29087,QUADFUTURE-EQ,QUADFUTURE,NSE,QUADFUTURE
29171,LAXMIDENTL-EQ,LAXMIDENTL,NSE,LAXMIDENTL
29452,AGARWALEYE-EQ,AGARWALEYE,NSE,AGARWALEYE
29464,NEXT30ADD-EQ,NEXT30ADD,NSE,NEXT30ADD
29577,NIF100BEES-EQ,NIF100BEES,NSE,NIF100BEES
2963,SAIL-EQ,SAIL,NSE,SAIL
29687,UNIONGOLD-EQ,UNIONGOLD,NSE,UNIONGOLD
29711,QPOWER-EQ,QPOWER,NSE,QPOWER
2998,SUVIDHAA-EQ,SUVIDHAA,NSE,SUVIDHAA
30155,AXISVALUE-EQ,AXISVALUE,NSE,AXISVALUE
3021,SOTL-EQ,SOTL,NSE,SOTL
30455,SPECTRUM-EQ,SPECTRUM,NSE,SPECTRUM
30472,AONELIQUID-EQ,AONELIQUID,NSE,AONELIQUID
30542,ELM250INAV-EQ,ELM250INAV,NSE,ELM250INAV
30552,MOME30INAV-EQ,MOME30INAV,NSE,MOME30INAV
308,BAJAJHIND-EQ,BAJAJHIND,NSE,BAJAJHIND
31181,MCX-EQ,MCX,NSE,MCX
3088,INDOSTAR-EQ,INDOSTAR,NSE,INDOSTAR
30597,NEXT50INAV-EQ,NEXT50INAV,NSE,NEXT50INAV
3162,SIMPLEXINF-EQ,SIMPLEXINF,NSE,SIMPLEXINF
31475,ORBTEXP-EQ,ORBTEXP,NSE,ORBTEXP
31507,JPOLYINVST-EQ,JPOLYINVST,NSE,JPOLYINVST
324,ANGELONE-EQ,ANGELONE,NSE,ANGELONE
335,BALKRISIND-EQ,BALKRISIND,NSE,BALKRISIND
3389,AGARIND-EQ,AGARIND,NSE,AGARIND
342,CAMS-EQ,CAMS,NSE,CAMS
3405,TATACHEM-EQ,TATACHEM,NSE,TATACHEM
3482,CLSEL-EQ,CLSEL,NSE,CLSEL
3608,AXISHCETF-EQ,AXISHCETF,NSE,AXISHCETF
357,NAM-INDIA-EQ,NAM-INDIA,NSE,NAM-INDIA
359,ROML-EQ,ROML,NSE,ROML
3693,GAYAHWS-EQ,GAYAHWS,NSE,GAYAHWS
3724,VSTIND-EQ,VSTIND,NSE,VSTIND
3761,RITES-EQ,RITES,NSE,RITES
3766,WHEELS-EQ,WHEELS,NSE,WHEELS
380,BBTC-EQ,BBTC,NSE,BBTC
3857,VARROC-EQ,VARROC,NSE,VARROC
3987,GREENPLY-EQ,GREENPLY,NSE,GREENPLY
4010,PVP-EQ,PVP,NSE,PVP
4299,STERTOOLS-EQ,STERTOOLS,NSE,STERTOOLS
4157,KEYFINSERV-EQ,KEYFINSERV,NSE,KEYFINSERV
4391,GULFOILLUB-EQ,GULFOILLUB,NSE,GULFOILLUB
4522,SIGIND-EQ,SIGIND,NSE,SIGIND
4594,KOTHARIPET-EQ,KOTHARIPET,NSE,KOTHARIPET
4656,SBCL-EQ,SBCL,NSE,SBCL
4668,BANKBARODA-EQ,BANKBARODA,NSE,BANKBARODA
4771,TCIFINANCE-EQ,TCIFINANCE,NSE,TCIFINANCE
489,ICEMAKE-EQ,ICEMAKE,NSE,ICEMAKE
4898,FDC-EQ,FDC,NSE,FDC
4920,HINDCON-EQ,HINDCON,NSE,HINDCON
526,BPCL-EQ,BPCL,NSE,BPCL
5264,PDSL-EQ,PDSL,NSE,PDSL
5265,ALIVUS-EQ,ALIVUS,NSE,ALIVUS
5382,EPIGRAL-EQ,EPIGRAL,NSE,EPIGRAL
5428,TRIGYN-EQ,TRIGYN,NSE,TRIGYN
5449,CHEMPLASTS-EQ,CHEMPLASTS,NSE,CHEMPLASTS
547,BRITANNIA-EQ,BRITANNIA,NSE,BRITANNIA
595,CARBORUNIV-EQ,CARBORUNIV,NSE,CARBORUNIV
6018,ABSLAMC-EQ,ABSLAMC,NSE,ABSLAMC
6127,DIGJAMLMTD-EQ,DIGJAMLMTD,NSE,DIGJAMLMTD
6164,BHAGCHEM-EQ,BHAGCHEM,NSE,BHAGCHEM
6417,KRITI-EQ,KRITI,NSE,KRITI
6364,NATIONALUM-EQ,NATIONALUM,NSE,NATIONALUM
6446,CONSUMIETF-EQ,CONSUMIETF,NSE,CONSUMIETF
6705,PAYTM-EQ,PAYTM,NSE,PAYTM
6429,RSSOFTWARE-EQ,RSSOFTWARE,NSE,RSSOFTWARE
6733,JINDALSTEL-EQ,JINDALSTEL,NSE,JINDALSTEL
6803,STEELCAS-EQ,STEELCAS,NSE,STEELCAS
694,CIPLA-EQ,CIPLA,NSE,CIPLA
6943,TARSONS-EQ,TARSONS,NSE,TARSONS
7229,HCLTECH-EQ,HCLTECH,NSE,HCLTECH
7361,SETFNIFBK-EQ,SETFNIFBK,NSE,SETFNIFBK
7406,GLENMARK-EQ,GLENMARK,NSE,GLENMARK
7413,MANAKCOAT-EQ,MANAKCOAT,NSE,MANAKCOAT
756925,PRIMO-EQ,PRIMO,NSE,PRIMO
757049,RAJOOENG-EQ,RAJOOENG,NSE,RAJOOENG
757096,AONENIFTY-EQ,AONENIFTY,NSE,AONENIFTY
757946,QUALITY30-EQ,QUALITY30,NSE,QUALITY30
758300,GROWWLOVOL-EQ,GROWWLOVOL,NSE,GROWWLOVOL
758595,INTERNET-EQ,INTERNET,NSE,INTERNET
758667,MANUFGBEES-EQ,MANUFGBEES,NSE,MANUFGBEES
758909,AMANTA-EQ,AMANTA,NSE,AMANTA
759007,ATLANTAELE-EQ,ATLANTAELE,NSE,ATLANTAELE
759079,DEVX-EQ,DEVX,NSE,DEVX
759103,HILINFRA-EQ,HILINFRA,NSE,HILINFRA
759205,JKIPL-EQ,JKIPL,NSE,JKIPL
759342,PACEDIGITK-EQ,PACEDIGITK,NSE,PACEDIGITK
759371,MONIFTY100-EQ,MONIFTY100,NSE,MONIFTY100
759402,ADVANCE-EQ,ADVANCE,NSE,ADVANCE
759466,ELIQUID-EQ,ELIQUID,NSE,ELIQUID
759517,MIDWESTLTD-EQ,MIDWESTLTD,NSE,MIDWESTLTD
759842,BETA-EQ,BETA,NSE,BETA
759867,CAPILLARY-EQ,CAPILLARY,NSE,CAPILLARY
760007,EXCELSOFT-EQ,EXCELSOFT,NSE,EXCELSOFT
760125,FABTECH-EQ,FABTECH,NSE,FABTECH
760188,SRTL-EQ,SRTL,NSE,SRTL
760328,SILVERBND-EQ,SILVERBND,NSE,SILVERBND
760346,NEPHROPLUS-EQ,NEPHROPLUS,NSE,NEPHROPLUS
24461,EVINDIA-EQ,EVINDIA,NSE,EVINDIA
24524,SBINEQWETF-EQ,SBINEQWETF,NSE,SBINEQWETF
24532,FILATEX-EQ,FILATEX,NSE,FILATEX
24610,AVANTEL-EQ,AVANTEL,NSE,AVANTEL
24932,GLOBALE-EQ,GLOBALE,NSE,GLOBALE
24937,MFML-EQ,MFML,NSE,MFML
25049,PREMIERENE-EQ,PREMIERENE,NSE,PREMIERENE
25136,BROOKS-EQ,BROOKS,NSE,BROOKS
25178,TDPOWERSYS-EQ,TDPOWERSYS,NSE,TDPOWERSYS
25222,SANOFICONR-EQ,SANOFICONR,NSE,SANOFICONR
25235,XTGLOBAL-EQ,XTGLOBAL,NSE,XTGLOBAL
25606,MOMENTUM50-EQ,MOMENTUM50,NSE,MOMENTUM50
25724,RUPA-EQ,RUPA,NSE,RUPA
25780,APLAPOLLO-EQ,APLAPOLLO,NSE,APLAPOLLO
25996,EMULTIMQ-EQ,EMULTIMQ,NSE,EMULTIMQ
27047,MASTERTR-EQ,MASTERTR,NSE,MASTERTR
27095,SWANCORP-EQ,SWANCORP,NSE,SWANCORP
27097,NIVABUPA-EQ,NIVABUPA,NSE,NIVABUPA
27571,ODIGMA-EQ,ODIGMA,NSE,ODIGMA
27969,VMM-EQ,VMM,NSE,VMM
28913,ROSSELLIND-EQ,ROSSELLIND,NSE,ROSSELLIND
29113,CARERATING-EQ,CARERATING,NSE,CARERATING
29124,PCJEWELLER-EQ,PCJEWELLER,NSE,PCJEWELLER
2939,RUBYMILLS-EQ,RUBYMILLS,NSE,RUBYMILLS
29678,BAJAJINDEF-EQ,BAJAJINDEF,NSE,BAJAJINDEF
29731,GUJTHEM-EQ,GUJTHEM,NSE,GUJTHEM
29733,NIBL-EQ,NIBL,NSE,NIBL
29962,JUSTDIAL-EQ,JUSTDIAL,NSE,JUSTDIAL
30065,MOCAPITAL-EQ,MOCAPITAL,NSE,MOCAPITAL
30121,EQUAL200-EQ,EQUAL200,NSE,EQUAL200
30139,CASHIETF-EQ,CASHIETF,NSE,CASHIETF
30540,GRWN50INAV-EQ,GRWN50INAV,NSE,GRWN50INAV
30544,SML100INAV-EQ,SML100INAV,NSE,SML100INAV
3066,SESHAPAPER-EQ,SESHAPAPER,NSE,SESHAPAPER
30549,MOY100INAV-EQ,MOY100INAV,NSE,MOY100INAV
30835,PILITA-EQ,PILITA,NSE,PILITA
3103,SHREECEM-EQ,SHREECEM,NSE,SHREECEM
31107,DBSTOCKBRO-EQ,DBSTOCKBRO,NSE,DBSTOCKBRO
31258,NDL-EQ,NDL,NSE,NDL
31415,NBCC-EQ,NBCC,NSE,NBCC
3220,LODHA-EQ,LODHA,NSE,LODHA
3292,DEEPINDS-EQ,DEEPINDS,NSE,DEEPINDS
3321,SPMLINFRA-EQ,SPMLINFRA,NSE,SPMLINFRA
3345,SUNDRMFAST-EQ,SUNDRMFAST,NSE,SUNDRMFAST
3351,SUNPHARMA-EQ,SUNPHARMA,NSE,SUNPHARMA
3363,SUPREMEIND-EQ,SUPREMEIND,NSE,SUPREMEIND
3417,HONAUT-EQ,HONAUT,NSE,HONAUT
3496,TIRUMALCHM-EQ,TIRUMALCHM,NSE,TIRUMALCHM
3506,TITAN-EQ,TITAN,NSE,TITAN
3453,TECILCHEM-EQ,TECILCHEM,NSE,TECILCHEM
3518,TORNTPHARM-EQ,TORNTPHARM,NSE,TORNTPHARM
3586,MOKSH-EQ,MOKSH,NSE,MOKSH
368,BASF-EQ,BASF,NSE,BASF
3626,HEALTHIETF-EQ,HEALTHIETF,NSE,HEALTHIETF
3676,VESUVIUS-EQ,VESUVIUS,NSE,VESUVIUS
3594,UNITECH-EQ,UNITECH,NSE,UNITECH
371,BATAINDIA-EQ,BATAINDIA,NSE,BATAINDIA
3703,VIPIND-EQ,VIPIND,NSE,VIPIND
3748,WEIZMANIND-EQ,WEIZMANIND,NSE,WEIZMANIND
3757,VENKEYS-EQ,VENKEYS,NSE,VENKEYS
3827,ZUARIIND-EQ,ZUARIIND,NSE,ZUARIIND
3892,HATSUN-EQ,HATSUN,NSE,HATSUN
4,21STCENMGM-EQ,21STCENMGM,NSE,21STCENMGM
3980,TNPL-EQ,TNPL,NSE,TNPL
4067,MARICO-EQ,MARICO,NSE,MARICO
445,5PAISA-EQ,5PAISA,NSE,5PAISA
4176,ZENITHEXPO-EQ,ZENITHEXPO,NSE,ZENITHEXPO
4184,SANGAMIND-EQ,SANGAMIND,NSE,SANGAMIND
4491,BOSCH-HCIL-EQ,BOSCH-HCIL,NSE,BOSCH-HCIL
480,BIRLACORPN-EQ,BIRLACORPN,NSE,BIRLACORPN
4892,SAREGAMA-EQ,SAREGAMA,NSE,SAREGAMA
4934,IPL-EQ,IPL,NSE,IPL
5054,GRINFRA-EQ,GRINFRA,NSE,GRINFRA
5068,SHEMAROO-EQ,SHEMAROO,NSE,SHEMAROO
522,ICICIB22-EQ,ICICIB22,NSE,ICICIB22
5168,SBIETFCON-EQ,SBIETFCON,NSE,SBIETFCON
5359,KRSNAA-EQ,KRSNAA,NSE,KRSNAA
5378,ASAHIINDIA-EQ,ASAHIINDIA,NSE,ASAHIINDIA
5401,NGIL-EQ,NGIL,NSE,NGIL
5633,J&KBANK-EQ,J&KBANK,NSE,J&KBANK
5865,LAGNAM-EQ,LAGNAM,NSE,LAGNAM
5926,INTELLECT-EQ,INTELLECT,NSE,INTELLECT
6066,ATGL-EQ,ATGL,NSE,ATGL
6297,HEALTHY-EQ,HEALTHY,NSE,HEALTHY
6643,SJS-EQ,SJS,NSE,SJS
6964,GOCOLORS-EQ,GOCOLORS,NSE,GOCOLORS
685,CHOLAFIN-EQ,CHOLAFIN,NSE,CHOLAFIN
7053,ACCELYA-EQ,ACCELYA,NSE,ACCELYA
715,SUDARCOLOR-EQ,SUDARCOLOR,NSE,SUDARCOLOR
7218,SBIETFQLTY-EQ,SBIETFQLTY,NSE,SBIETFQLTY
7242,METROBRAND-EQ,METROBRAND,NSE,METROBRAND
7422,MONQ50-EQ,MONQ50,NSE,MONQ50
7451,NIFTYADD-EQ,NIFTYADD,NSE,NIFTYADD
7553,NRBBEARING-EQ,NRBBEARING,NSE,NRBBEARING
756020,TINNARUBR-EQ,TINNARUBR,NSE,TINNARUBR
756038,WAAREERTL-EQ,WAAREERTL,NSE,WAAREERTL
756086,GROWWMOM50-EQ,GROWWMOM50,NSE,GROWWMOM50
757658,FISCHER-EQ,FISCHER,NSE,FISCHER
757754,PICCADIL-EQ,PICCADIL,NSE,PICCADIL
758448,ALLTIME-EQ,ALLTIME,NSE,ALLTIME
758496,SBILIQETF-EQ,SBILIQETF,NSE,SBILIQETF
758572,GLOBECIVIL-EQ,GLOBECIVIL,NSE,GLOBECIVIL
758705,LTGILTCASE-EQ,LTGILTCASE,NSE,LTGILTCASE
758955,SML100CASE-EQ,SML100CASE,NSE,SML100CASE
758973,VIKRAN-EQ,VIKRAN,NSE,VIKRAN
759381,MONEYBOXX-EQ,MONEYBOXX,NSE,MONEYBOXX
759428,GROWWRLTY-EQ,GROWWRLTY,NSE,GROWWRLTY
759929,SOLARWORLD-EQ,SOLARWORLD,NSE,SOLARWORLD
759995,ESENSEX-EQ,ESENSEX,NSE,ESENSEX
760204,MARKOLINES-EQ,MARKOLINES,NSE,MARKOLINES
760213,LGEINDIA-EQ,LGEINDIA,NSE,LGEINDIA
760351,PARKHOSPS-EQ,PARKHOSPS,NSE,PARKHOSPS
760715,HALDER-EQ,HALDER,NSE,HALDER
760726,BHARATCOAL-EQ,BHARATCOAL,NSE,BHARATCOAL
761046,DEFENCE-EQ,DEFENCE,NSE,DEFENCE
761469,SHADOWFAX-EQ,SHADOWFAX,NSE,SHADOWFAX
761514,GROWWPSUBK-EQ,GROWWPSUBK,NSE,GROWWPSUBK
761675,SAIPARENT-EQ,SAIPARENT,NSE,SAIPARENT
761720,NIMBSPROJ-EQ,NIMBSPROJ,NSE,NIMBSPROJ
7852,INOXWIND-EQ,INOXWIND,NSE,INOXWIND
778,KEEPLEARN-EQ,KEEPLEARN,NSE,KEEPLEARN
7936,AVANTIFEED-EQ,AVANTIFEED,NSE,AVANTIFEED
7982,GRWRHITECH-EQ,GRWRHITECH,NSE,GRWRHITECH
804,SHIVATEX-EQ,SHIVATEX,NSE,SHIVATEX
8124,AJANTPHARM-EQ,AJANTPHARM,NSE,AJANTPHARM
8596,MSUMI-EQ,MSUMI,NSE,MSUMI
8736,PNBGILTS-EQ,PNBGILTS,NSE,PNBGILTS
9020,VCL-EQ,VCL,NSE,VCL
9117,TIPSMUSIC-EQ,TIPSMUSIC,NSE,TIPSMUSIC
9305,STARTECK-EQ,STARTECK,NSE,STARTECK
9428,SKIPPER-EQ,SKIPPER,NSE,SKIPPER
958,ESCORTS-EQ,ESCORTS,NSE,ESCORTS
9683,KPITTECH-EQ,KPITTECH,NSE,KPITTECH
9847,NV20BEES-EQ,NV20BEES,NSE,NV20BEES
9879,CHEVIOT-EQ,CHEVIOT,NSE,CHEVIOT
24385,KARMAENG-EQ,KARMAENG,NSE,KARMAENG
24409,DHANUKA-EQ,DHANUKA,NSE,DHANUKA
2454,CENTRUM-EQ,CENTRUM,NSE,CENTRUM
24861,METALIETF-EQ,METALIETF,NSE,METALIETF
2514,OSWALAGRO-EQ,OSWALAGRO,NSE,OSWALAGRO
2535,PGHH-EQ,PGHH,NSE,PGHH
25258,EBANKNIFTY-EQ,EBANKNIFTY,NSE,EBANKNIFTY
25270,BAJAJHFL-EQ,BAJAJHFL,NSE,BAJAJHFL
25426,NORTHARC-EQ,NORTHARC,NSE,NORTHARC
255,NIRAJ-EQ,NIRAJ,NSE,NIRAJ
25744,METAL-EQ,METAL,NSE,METAL
25872,GROWWGOLD-EQ,GROWWGOLD,NSE,GROWWGOLD
27084,KMEW-EQ,KMEW,NSE,KMEW
2716,BUTTERFLY-EQ,BUTTERFLY,NSE,BUTTERFLY
27303,SAMPANN-EQ,SAMPANN,NSE,SAMPANN
278,AUTOAXLES-EQ,AUTOAXLES,NSE,AUTOAXLES
2794,RSWM-EQ,RSWM,NSE,RSWM
2868,HITECH-EQ,HITECH,NSE,HITECH
29487,NIBE-EQ,NIBE,NSE,NIBE
29527,GROWWRAIL-EQ,GROWWRAIL,NSE,GROWWRAIL
29956,NIF100INAV-EQ,NIF100INAV,NSE,NIF100INAV
29975,AONETOTAL-EQ,AONETOTAL,NSE,AONETOTAL
30108,ABFRL-EQ,ABFRL,NSE,ABFRL
30577,AONE50INAV-EQ,AONE50INAV,NSE,AONE50INAV
3149,BORORENEW-EQ,BORORENEW,NSE,BORORENEW
31468,LYPSAGEMS-EQ,LYPSAGEMS,NSE,LYPSAGEMS
341,BALRAMCHIN-EQ,BALRAMCHIN,NSE,BALRAMCHIN
3329,ISGEC-EQ,ISGEC,NSE,ISGEC
3375,SURYAROSNI-EQ,SURYAROSNI,NSE,SURYAROSNI
3432,TATACONSUM-EQ,TATACONSUM,NSE,TATACONSUM
3466,TFCILTD-EQ,TFCILTD,NSE,TFCILTD
3509,TNPETRO-EQ,TNPETRO,NSE,TNPETRO
3546,TTKPRESTIG-EQ,TTKPRESTIG,NSE,TTKPRESTIG
3563,ADANIGREEN-EQ,ADANIGREEN,NSE,ADANIGREEN
3607,UNIVCABLES-EQ,UNIVCABLES,NSE,UNIVCABLES
383,BEL-EQ,BEL,NSE,BEL
3727,ANMOL-EQ,ANMOL,NSE,ANMOL
3837,TOKYOPLAST-EQ,TOKYOPLAST,NSE,TOKYOPLAST
404,BERGEPAINT-EQ,BERGEPAINT,NSE,BERGEPAINT
3906,CAPLIPOINT-EQ,CAPLIPOINT,NSE,CAPLIPOINT
3965,REMSONSIND-EQ,REMSONSIND,NSE,REMSONSIND
4041,JAYAGROGN-EQ,JAYAGROGN,NSE,JAYAGROGN
4105,SILINV-EQ,SILINV,NSE,SILINV
4221,VISAKAIND-EQ,VISAKAIND,NSE,VISAKAIND
4279,DENORA-EQ,DENORA,NSE,DENORA
4693,SHYAMMETL-EQ,SHYAMMETL,NSE,SHYAMMETL
4838,LIQUIDIETF-EQ,LIQUIDIETF,NSE,LIQUIDIETF
4870,INDSWFTLAB-EQ,INDSWFTLAB,NSE,INDSWFTLAB
4963,ICICIBANK-EQ,ICICIBANK,NSE,ICICIBANK
527,UTIAMC-EQ,UTIAMC,NSE,UTIAMC
5352,EXXARO-EQ,EXXARO,NSE,EXXARO
5435,APTUS-EQ,APTUS,NSE,APTUS
5614,GANESHBE-EQ,GANESHBE,NSE,GANESHBE
5748,CYIENT-EQ,CYIENT,NSE,CYIENT
6198,FCL-EQ,FCL,NSE,FCL
6232,3IINFOLTD-EQ,3IINFOLTD,NSE,3IINFOLTD
6262,SELMC-EQ,SELMC,NSE,SELMC
6302,APOLSINHOT-EQ,APOLSINHOT,NSE,APOLSINHOT
6543,GRPLTD-EQ,GRPLTD,NSE,GRPLTD
6606,EQUAL50ADD-EQ,EQUAL50ADD,NSE,EQUAL50ADD
6944,GANECOS-EQ,GANECOS,NSE,GANECOS
7074,MAHKTECH-EQ,MAHKTECH,NSE,MAHKTECH
7145,ANANDRATHI-EQ,ANANDRATHI,NSE,ANANDRATHI
7196,BBETF0432-EQ,BBETF0432,NSE,BBETF0432
7227,MAPMYINDIA-EQ,MAPMYINDIA,NSE,MAPMYINDIA
7358,DATAPATTNS-EQ,DATAPATTNS,NSE,DATAPATTNS
7411,NILASPACES-EQ,NILASPACES,NSE,NILASPACES
7457,HAVISHA-EQ,HAVISHA,NSE,HAVISHA
755881,EVIETF-EQ,EVIETF,NSE,EVIETF
757443,MOTOUR-EQ,MOTOUR,NSE,MOTOUR
757545,TRAVELFOOD-EQ,TRAVELFOOD,NSE,TRAVELFOOD
757645,ATHERENERG-EQ,ATHERENERG,NSE,ATHERENERG
757938,BELLACASA-EQ,BELLACASA,NSE,BELLACASA
758115,JSLL-EQ,JSLL,NSE,JSLL
758150,MBEL-EQ,MBEL,NSE,MBEL
758563,ELLEN-EQ,ELLEN,NSE,ELLEN
758680,REGAAL-EQ,REGAAL,NSE,REGAAL
758748,MEIL-EQ,MEIL,NSE,MEIL
758889,SGMART-EQ,SGMART,NSE,SGMART
758986,GCSL-EQ,GCSL,NSE,GCSL
759041,IVALUE-EQ,IVALUE,NSE,IVALUE
759062,RHETAN-EQ,RHETAN,NSE,RHETAN
759265,TATACAP-EQ,TATACAP,NSE,TATACAP
759291,BLUESTONE-EQ,BLUESTONE,NSE,BLUESTONE
759453,VIKRAMSOLR-EQ,VIKRAMSOLR,NSE,VIKRAMSOLR
759610,CHOICEGOLD-EQ,CHOICEGOLD,NSE,CHOICEGOLD
759728,EMMVEE-EQ,EMMVEE,NSE,EMMVEE
759934,STYL-EQ,STYL,NSE,STYL
760054,MOMNC-EQ,MOMNC,NSE,MOMNC
760277,MODINATUR-EQ,MODINATUR,NSE,MODINATUR
760407,ICICIAMC-EQ,ICICIAMC,NSE,ICICIAMC
760946,KWIL-EQ,KWIL,NSE,KWIL
760986,HEALTHCARE-EQ,HEALTHCARE,NSE,HEALTHCARE
761030,INFRA-EQ,INFRA,NSE,INFRA
761099,INA-EQ,INA,NSE,INA
761506,HSBCGOLD-EQ,HSBCGOLD,NSE,HSBCGOLD
761581,CMPDI-EQ,CMPDI,NSE,CMPDI
7791,UNIINFO-EQ,UNIINFO,NSE,UNIINFO
7880,AUTOBEES-EQ,AUTOBEES,NSE,AUTOBEES
7902,LFIC-EQ,LFIC,NSE,LFIC
7965,MALLCOM-EQ,MALLCOM,NSE,MALLCOM
8546,CHALET-EQ,CHALET,NSE,CHALET
874,ASTRON-EQ,ASTRON,NSE,ASTRON
8825,PRIVISCL-EQ,PRIVISCL,NSE,PRIVISCL
8840,USHAMART-EQ,USHAMART,NSE,USHAMART
8944,RITCO-EQ,RITCO,NSE,RITCO
8954,TTML-EQ,TTML,NSE,TTML
8998,UMIYA-MRO-EQ,UMIYA-MRO,NSE,UMIYA-MRO
9039,UFO-EQ,UFO,NSE,UFO
9049,ROTO-EQ,ROTO,NSE,ROTO
9168,SNXT50BETA-EQ,SNXT50BETA,NSE,SNXT50BETA
9378,TRU-EQ,TRU,NSE,TRU
9422,SILVERTUC-EQ,SILVERTUC,NSE,SILVERTUC
9652,RELCHEMQ-EQ,RELCHEMQ,NSE,RELCHEMQ
9750,ETHOSLTD-EQ,ETHOSLTD,NSE,ETHOSLTD
981,EPL-EQ,EPL,NSE,EPL
8828,GAEL-EQ,GAEL,NSE,GAEL
9087,PIXTRANS-EQ,PIXTRANS,NSE,PIXTRANS
9342,PNC-EQ,PNC,NSE,PNC
9354,TAJGVK-EQ,TAJGVK,NSE,TAJGVK
9362,CAMPUS-EQ,CAMPUS,NSE,CAMPUS
955,ESABINDIA-EQ,ESABINDIA,NSE,ESABINDIA
9539,SAKAR-EQ,SAKAR,NSE,SAKAR
9576,MAHESHWARI-EQ,MAHESHWARI,NSE,MAHESHWARI
9641,KHANDSE-EQ,KHANDSE,NSE,KHANDSE
9862,WEWIN-EQ,WEWIN,NSE,WEWIN
760874,GROWWHOSPI-EQ,GROWWHOSPI,NSE,GROWWHOSPI
761066,ABSLMSCIN-EQ,ABSLMSCIN,NSE,ABSLMSCIN
761095,SBIMIDMOM-EQ,SBIMIDMOM,NSE,SBIMIDMOM
761330,AEPL-EQ,AEPL,NSE,AEPL
761741,SBINMID150-EQ,SBINMID150,NSE,SBINMID150
7844,AUTOIETF-EQ,AUTOIETF,NSE,AUTOIETF
8003,SILVER-EQ,SILVER,NSE,SILVER
805,DCM-EQ,DCM,NSE,DCM
811,DCMSHRIRAM-EQ,DCMSHRIRAM,NSE,DCMSHRIRAM
822,BANKA-EQ,BANKA,NSE,BANKA
827,DEEPAKFERT-EQ,DEEPAKFERT,NSE,DEEPAKFERT
8304,PRITI-EQ,PRITI,NSE,PRITI
8696,VRLLOG-EQ,VRLLOG,NSE,VRLLOG
916,EIDPARRY-EQ,EIDPARRY,NSE,EIDPARRY
8953,ELDEHSG-EQ,ELDEHSG,NSE,ELDEHSG
9219,TPLPLASTEH-EQ,TPLPLASTEH,NSE,TPLPLASTEH
9436,AXISCADES-EQ,AXISCADES,NSE,AXISCADES
9599,DELHIVERY-EQ,DELHIVERY,NSE,DELHIVERY
967,SUBEXLTD-EQ,SUBEXLTD,NSE,SUBEXLTD
9668,HIKAL-EQ,HIKAL,NSE,HIKAL
9874,GOLDTECH-EQ,GOLDTECH,NSE,GOLDTECH
9902,AXITA-EQ,AXITA,NSE,AXITA
9921,ALANKIT-EQ,ALANKIT,NSE,ALANKIT
9931,VIKASLIFE-EQ,VIKASLIFE,NSE,VIKASLIFE
